file_id,emotion,emotion_code,split,has_landmarks,processed_path,original_path
train_happy_0000,happy,3,train,True,multimodal_facial_data/processed_facial/fer_2013_train_happy_0000.jpg,multimodal_facial_data/raw_facial/fer2013/train/happy/Training_21410769.jpg
train_happy_0001,happy,3,train,True,multimodal_facial_data/processed_facial/fer_2013_train_happy_0001.jpg,multimodal_facial_data/raw_facial/fer2013/train/happy/Training_76073661.jpg
train_happy_0002,happy,3,train,True,multimodal_facial_data/processed_facial/fer_2013_train_happy_0002.jpg,multimodal_facial_data/raw_facial/fer2013/train/happy/Training_62087948.jpg
train_happy_0003,happy,3,train,True,multimodal_facial_data/processed_facial/fer_2013_train_happy_0003.jpg,multimodal_facial_data/raw_facial/fer2013/train/happy/Training_55939225.jpg
train_happy_0004,happy,3,train,True,multimodal_facial_data/processed_facial/fer_2013_train_happy_0004.jpg,multimodal_facial_data/raw_facial/fer2013/train/happy/Training_96330171.jpg
train_happy_0005,happy,3,train,True,multimodal_facial_data/processed_facial/fer_2013_train_happy_0005.jpg,multimodal_facial_data/raw_facial/fer2013/train/happy/Training_21380352.jpg
train_happy_0006,happy,3,train,True,multimodal_facial_data/processed_facial/fer_2013_train_happy_0006.jpg,multimodal_facial_data/raw_facial/fer2013/train/happy/Training_24480018.jpg
train_happy_0007,happy,3,train,True,multimodal_facial_data/processed_facial/fer_2013_train_happy_0007.jpg,multimodal_facial_data/raw_facial/fer2013/train/happy/Training_77922689.jpg
train_happy_0008,happy,3,train,True,multimodal_facial_data/processed_facial/fer_2013_train_happy_0008.jpg,multimodal_facial_data/raw_facial/fer2013/train/happy/Training_95507005.jpg
train_happy_0009,happy,3,train,True,multimodal_facial_data/processed_facial/fer_2013_train_happy_0009.jpg,multimodal_facial_data/raw_facial/fer2013/train/happy/Training_47409046.jpg
train_happy_0010,happy,3,train,True,multimodal_facial_data/processed_facial/fer_2013_train_happy_0010.jpg,multimodal_facial_data/raw_facial/fer2013/train/happy/Training_24517452.jpg
train_happy_0011,happy,3,train,True,multimodal_facial_data/processed_facial/fer_2013_train_happy_0011.jpg,multimodal_facial_data/raw_facial/fer2013/train/happy/Training_38756386.jpg
train_happy_0012,happy,3,train,True,multimodal_facial_data/processed_facial/fer_2013_train_happy_0012.jpg,multimodal_facial_data/raw_facial/fer2013/train/happy/Training_68951966.jpg
train_happy_0013,happy,3,train,False,multimodal_facial_data/processed_facial/fer_2013_train_happy_0013.jpg,multimodal_facial_data/raw_facial/fer2013/train/happy/Training_65445173.jpg
train_happy_0014,happy,3,train,True,multimodal_facial_data/processed_facial/fer_2013_train_happy_0014.jpg,multimodal_facial_data/raw_facial/fer2013/train/happy/Training_53480875.jpg
train_happy_0015,happy,3,train,True,multimodal_facial_data/processed_facial/fer_2013_train_happy_0015.jpg,multimodal_facial_data/raw_facial/fer2013/train/happy/Training_26643952.jpg
train_happy_0016,happy,3,train,True,multimodal_facial_data/processed_facial/fer_2013_train_happy_0016.jpg,multimodal_facial_data/raw_facial/fer2013/train/happy/Training_42845711.jpg
train_happy_0017,happy,3,train,True,multimodal_facial_data/processed_facial/fer_2013_train_happy_0017.jpg,multimodal_facial_data/raw_facial/fer2013/train/happy/Training_77979667.jpg
train_happy_0018,happy,3,train,True,multimodal_facial_data/processed_facial/fer_2013_train_happy_0018.jpg,multimodal_facial_data/raw_facial/fer2013/train/happy/Training_89428402.jpg
train_happy_0019,happy,3,train,False,multimodal_facial_data/processed_facial/fer_2013_train_happy_0019.jpg,multimodal_facial_data/raw_facial/fer2013/train/happy/Training_53870461.jpg
train_happy_0020,happy,3,train,True,multimodal_facial_data/processed_facial/fer_2013_train_happy_0020.jpg,multimodal_facial_data/raw_facial/fer2013/train/happy/Training_46988801.jpg
train_happy_0021,happy,3,train,True,multimodal_facial_data/processed_facial/fer_2013_train_happy_0021.jpg,multimodal_facial_data/raw_facial/fer2013/train/happy/Training_72328488.jpg
train_happy_0022,happy,3,train,True,multimodal_facial_data/processed_facial/fer_2013_train_happy_0022.jpg,multimodal_facial_data/raw_facial/fer2013/train/happy/Training_50509507.jpg
train_happy_0023,happy,3,train,True,multimodal_facial_data/processed_facial/fer_2013_train_happy_0023.jpg,multimodal_facial_data/raw_facial/fer2013/train/happy/Training_38537768.jpg
train_happy_0024,happy,3,train,True,multimodal_facial_data/processed_facial/fer_2013_train_happy_0024.jpg,multimodal_facial_data/raw_facial/fer2013/train/happy/Training_48740396.jpg
train_happy_0025,happy,3,train,True,multimodal_facial_data/processed_facial/fer_2013_train_happy_0025.jpg,multimodal_facial_data/raw_facial/fer2013/train/happy/Training_85887812.jpg
train_happy_0026,happy,3,train,True,multimodal_facial_data/processed_facial/fer_2013_train_happy_0026.jpg,multimodal_facial_data/raw_facial/fer2013/train/happy/Training_28466037.jpg
train_happy_0027,happy,3,train,True,multimodal_facial_data/processed_facial/fer_2013_train_happy_0027.jpg,multimodal_facial_data/raw_facial/fer2013/train/happy/Training_86253844.jpg
train_happy_0028,happy,3,train,True,multimodal_facial_data/processed_facial/fer_2013_train_happy_0028.jpg,multimodal_facial_data/raw_facial/fer2013/train/happy/Training_4746688.jpg
train_happy_0029,happy,3,train,True,multimodal_facial_data/processed_facial/fer_2013_train_happy_0029.jpg,multimodal_facial_data/raw_facial/fer2013/train/happy/Training_48660367.jpg
train_happy_0030,happy,3,train,True,multimodal_facial_data/processed_facial/fer_2013_train_happy_0030.jpg,multimodal_facial_data/raw_facial/fer2013/train/happy/Training_66175795.jpg
train_happy_0031,happy,3,train,True,multimodal_facial_data/processed_facial/fer_2013_train_happy_0031.jpg,multimodal_facial_data/raw_facial/fer2013/train/happy/Training_98092826.jpg
train_happy_0032,happy,3,train,True,multimodal_facial_data/processed_facial/fer_2013_train_happy_0032.jpg,multimodal_facial_data/raw_facial/fer2013/train/happy/Training_10229138.jpg
train_happy_0033,happy,3,train,True,multimodal_facial_data/processed_facial/fer_2013_train_happy_0033.jpg,multimodal_facial_data/raw_facial/fer2013/train/happy/Training_77214532.jpg
train_happy_0034,happy,3,train,True,multimodal_facial_data/processed_facial/fer_2013_train_happy_0034.jpg,multimodal_facial_data/raw_facial/fer2013/train/happy/Training_43546203.jpg
train_happy_0035,happy,3,train,True,multimodal_facial_data/processed_facial/fer_2013_train_happy_0035.jpg,multimodal_facial_data/raw_facial/fer2013/train/happy/Training_39870513.jpg
train_happy_0036,happy,3,train,True,multimodal_facial_data/processed_facial/fer_2013_train_happy_0036.jpg,multimodal_facial_data/raw_facial/fer2013/train/happy/Training_67085739.jpg
train_happy_0037,happy,3,train,True,multimodal_facial_data/processed_facial/fer_2013_train_happy_0037.jpg,multimodal_facial_data/raw_facial/fer2013/train/happy/Training_74568103.jpg
train_happy_0038,happy,3,train,True,multimodal_facial_data/processed_facial/fer_2013_train_happy_0038.jpg,multimodal_facial_data/raw_facial/fer2013/train/happy/Training_81831361.jpg
train_happy_0039,happy,3,train,False,multimodal_facial_data/processed_facial/fer_2013_train_happy_0039.jpg,multimodal_facial_data/raw_facial/fer2013/train/happy/Training_60285848.jpg
train_happy_0040,happy,3,train,True,multimodal_facial_data/processed_facial/fer_2013_train_happy_0040.jpg,multimodal_facial_data/raw_facial/fer2013/train/happy/Training_44035888.jpg
train_happy_0041,happy,3,train,False,multimodal_facial_data/processed_facial/fer_2013_train_happy_0041.jpg,multimodal_facial_data/raw_facial/fer2013/train/happy/Training_48775304.jpg
train_happy_0042,happy,3,train,True,multimodal_facial_data/processed_facial/fer_2013_train_happy_0042.jpg,multimodal_facial_data/raw_facial/fer2013/train/happy/Training_86641910.jpg
train_happy_0043,happy,3,train,True,multimodal_facial_data/processed_facial/fer_2013_train_happy_0043.jpg,multimodal_facial_data/raw_facial/fer2013/train/happy/Training_18115277.jpg
train_happy_0044,happy,3,train,True,multimodal_facial_data/processed_facial/fer_2013_train_happy_0044.jpg,multimodal_facial_data/raw_facial/fer2013/train/happy/Training_75762211.jpg
train_happy_0045,happy,3,train,True,multimodal_facial_data/processed_facial/fer_2013_train_happy_0045.jpg,multimodal_facial_data/raw_facial/fer2013/train/happy/Training_69185476.jpg
train_happy_0046,happy,3,train,True,multimodal_facial_data/processed_facial/fer_2013_train_happy_0046.jpg,multimodal_facial_data/raw_facial/fer2013/train/happy/Training_529327.jpg
train_happy_0047,happy,3,train,True,multimodal_facial_data/processed_facial/fer_2013_train_happy_0047.jpg,multimodal_facial_data/raw_facial/fer2013/train/happy/Training_46335906.jpg
train_happy_0048,happy,3,train,True,multimodal_facial_data/processed_facial/fer_2013_train_happy_0048.jpg,multimodal_facial_data/raw_facial/fer2013/train/happy/Training_92330479.jpg
train_happy_0049,happy,3,train,True,multimodal_facial_data/processed_facial/fer_2013_train_happy_0049.jpg,multimodal_facial_data/raw_facial/fer2013/train/happy/Training_25590197.jpg
train_happy_0050,happy,3,train,True,multimodal_facial_data/processed_facial/fer_2013_train_happy_0050.jpg,multimodal_facial_data/raw_facial/fer2013/train/happy/Training_45766025.jpg
train_happy_0051,happy,3,train,True,multimodal_facial_data/processed_facial/fer_2013_train_happy_0051.jpg,multimodal_facial_data/raw_facial/fer2013/train/happy/Training_39499194.jpg
train_happy_0052,happy,3,train,True,multimodal_facial_data/processed_facial/fer_2013_train_happy_0052.jpg,multimodal_facial_data/raw_facial/fer2013/train/happy/Training_5551711.jpg
train_happy_0053,happy,3,train,True,multimodal_facial_data/processed_facial/fer_2013_train_happy_0053.jpg,multimodal_facial_data/raw_facial/fer2013/train/happy/Training_67019587.jpg
train_happy_0054,happy,3,train,True,multimodal_facial_data/processed_facial/fer_2013_train_happy_0054.jpg,multimodal_facial_data/raw_facial/fer2013/train/happy/Training_28928148.jpg
train_happy_0055,happy,3,train,True,multimodal_facial_data/processed_facial/fer_2013_train_happy_0055.jpg,multimodal_facial_data/raw_facial/fer2013/train/happy/Training_26749067.jpg
train_happy_0056,happy,3,train,True,multimodal_facial_data/processed_facial/fer_2013_train_happy_0056.jpg,multimodal_facial_data/raw_facial/fer2013/train/happy/Training_4751179.jpg
train_happy_0057,happy,3,train,True,multimodal_facial_data/processed_facial/fer_2013_train_happy_0057.jpg,multimodal_facial_data/raw_facial/fer2013/train/happy/Training_60233532.jpg
train_happy_0058,happy,3,train,True,multimodal_facial_data/processed_facial/fer_2013_train_happy_0058.jpg,multimodal_facial_data/raw_facial/fer2013/train/happy/Training_74863333.jpg
train_happy_0059,happy,3,train,True,multimodal_facial_data/processed_facial/fer_2013_train_happy_0059.jpg,multimodal_facial_data/raw_facial/fer2013/train/happy/Training_88255642.jpg
train_happy_0060,happy,3,train,True,multimodal_facial_data/processed_facial/fer_2013_train_happy_0060.jpg,multimodal_facial_data/raw_facial/fer2013/train/happy/Training_64499827.jpg
train_happy_0061,happy,3,train,True,multimodal_facial_data/processed_facial/fer_2013_train_happy_0061.jpg,multimodal_facial_data/raw_facial/fer2013/train/happy/Training_13681608.jpg
train_happy_0062,happy,3,train,True,multimodal_facial_data/processed_facial/fer_2013_train_happy_0062.jpg,multimodal_facial_data/raw_facial/fer2013/train/happy/Training_15492038.jpg
train_happy_0063,happy,3,train,True,multimodal_facial_data/processed_facial/fer_2013_train_happy_0063.jpg,multimodal_facial_data/raw_facial/fer2013/train/happy/Training_49197622.jpg
train_happy_0064,happy,3,train,True,multimodal_facial_data/processed_facial/fer_2013_train_happy_0064.jpg,multimodal_facial_data/raw_facial/fer2013/train/happy/Training_1505570.jpg
train_happy_0065,happy,3,train,True,multimodal_facial_data/processed_facial/fer_2013_train_happy_0065.jpg,multimodal_facial_data/raw_facial/fer2013/train/happy/Training_7429754.jpg
train_happy_0066,happy,3,train,True,multimodal_facial_data/processed_facial/fer_2013_train_happy_0066.jpg,multimodal_facial_data/raw_facial/fer2013/train/happy/Training_31971836.jpg
train_happy_0067,happy,3,train,True,multimodal_facial_data/processed_facial/fer_2013_train_happy_0067.jpg,multimodal_facial_data/raw_facial/fer2013/train/happy/Training_73461360.jpg
train_happy_0068,happy,3,train,True,multimodal_facial_data/processed_facial/fer_2013_train_happy_0068.jpg,multimodal_facial_data/raw_facial/fer2013/train/happy/Training_21838324.jpg
train_happy_0069,happy,3,train,True,multimodal_facial_data/processed_facial/fer_2013_train_happy_0069.jpg,multimodal_facial_data/raw_facial/fer2013/train/happy/Training_78282852.jpg
train_happy_0070,happy,3,train,True,multimodal_facial_data/processed_facial/fer_2013_train_happy_0070.jpg,multimodal_facial_data/raw_facial/fer2013/train/happy/Training_94206014.jpg
train_happy_0071,happy,3,train,True,multimodal_facial_data/processed_facial/fer_2013_train_happy_0071.jpg,multimodal_facial_data/raw_facial/fer2013/train/happy/Training_81940101.jpg
train_happy_0072,happy,3,train,True,multimodal_facial_data/processed_facial/fer_2013_train_happy_0072.jpg,multimodal_facial_data/raw_facial/fer2013/train/happy/Training_33749630.jpg
train_happy_0073,happy,3,train,True,multimodal_facial_data/processed_facial/fer_2013_train_happy_0073.jpg,multimodal_facial_data/raw_facial/fer2013/train/happy/Training_51564699.jpg
train_happy_0074,happy,3,train,True,multimodal_facial_data/processed_facial/fer_2013_train_happy_0074.jpg,multimodal_facial_data/raw_facial/fer2013/train/happy/Training_53563474.jpg
train_happy_0075,happy,3,train,True,multimodal_facial_data/processed_facial/fer_2013_train_happy_0075.jpg,multimodal_facial_data/raw_facial/fer2013/train/happy/Training_76806381.jpg
train_happy_0076,happy,3,train,True,multimodal_facial_data/processed_facial/fer_2013_train_happy_0076.jpg,multimodal_facial_data/raw_facial/fer2013/train/happy/Training_92957189.jpg
train_happy_0077,happy,3,train,True,multimodal_facial_data/processed_facial/fer_2013_train_happy_0077.jpg,multimodal_facial_data/raw_facial/fer2013/train/happy/Training_74038421.jpg
train_happy_0078,happy,3,train,True,multimodal_facial_data/processed_facial/fer_2013_train_happy_0078.jpg,multimodal_facial_data/raw_facial/fer2013/train/happy/Training_74905009.jpg
train_happy_0079,happy,3,train,True,multimodal_facial_data/processed_facial/fer_2013_train_happy_0079.jpg,multimodal_facial_data/raw_facial/fer2013/train/happy/Training_63255292.jpg
train_happy_0080,happy,3,train,True,multimodal_facial_data/processed_facial/fer_2013_train_happy_0080.jpg,multimodal_facial_data/raw_facial/fer2013/train/happy/Training_51659708.jpg
train_happy_0081,happy,3,train,True,multimodal_facial_data/processed_facial/fer_2013_train_happy_0081.jpg,multimodal_facial_data/raw_facial/fer2013/train/happy/Training_24840636.jpg
train_happy_0082,happy,3,train,True,multimodal_facial_data/processed_facial/fer_2013_train_happy_0082.jpg,multimodal_facial_data/raw_facial/fer2013/train/happy/Training_94050905.jpg
train_happy_0083,happy,3,train,True,multimodal_facial_data/processed_facial/fer_2013_train_happy_0083.jpg,multimodal_facial_data/raw_facial/fer2013/train/happy/Training_59914853.jpg
train_happy_0084,happy,3,train,True,multimodal_facial_data/processed_facial/fer_2013_train_happy_0084.jpg,multimodal_facial_data/raw_facial/fer2013/train/happy/Training_64648532.jpg
train_happy_0085,happy,3,train,True,multimodal_facial_data/processed_facial/fer_2013_train_happy_0085.jpg,multimodal_facial_data/raw_facial/fer2013/train/happy/Training_67550624.jpg
train_happy_0086,happy,3,train,True,multimodal_facial_data/processed_facial/fer_2013_train_happy_0086.jpg,multimodal_facial_data/raw_facial/fer2013/train/happy/Training_56895385.jpg
train_happy_0087,happy,3,train,True,multimodal_facial_data/processed_facial/fer_2013_train_happy_0087.jpg,multimodal_facial_data/raw_facial/fer2013/train/happy/Training_4919573.jpg
train_happy_0088,happy,3,train,True,multimodal_facial_data/processed_facial/fer_2013_train_happy_0088.jpg,multimodal_facial_data/raw_facial/fer2013/train/happy/Training_23887147.jpg
train_happy_0089,happy,3,train,True,multimodal_facial_data/processed_facial/fer_2013_train_happy_0089.jpg,multimodal_facial_data/raw_facial/fer2013/train/happy/Training_44859116.jpg
train_happy_0090,happy,3,train,True,multimodal_facial_data/processed_facial/fer_2013_train_happy_0090.jpg,multimodal_facial_data/raw_facial/fer2013/train/happy/Training_51209495.jpg
train_happy_0091,happy,3,train,True,multimodal_facial_data/processed_facial/fer_2013_train_happy_0091.jpg,multimodal_facial_data/raw_facial/fer2013/train/happy/Training_14254799.jpg
train_happy_0092,happy,3,train,True,multimodal_facial_data/processed_facial/fer_2013_train_happy_0092.jpg,multimodal_facial_data/raw_facial/fer2013/train/happy/Training_38034247.jpg
train_happy_0093,happy,3,train,True,multimodal_facial_data/processed_facial/fer_2013_train_happy_0093.jpg,multimodal_facial_data/raw_facial/fer2013/train/happy/Training_9057881.jpg
train_happy_0094,happy,3,train,True,multimodal_facial_data/processed_facial/fer_2013_train_happy_0094.jpg,multimodal_facial_data/raw_facial/fer2013/train/happy/Training_8881754.jpg
train_happy_0095,happy,3,train,True,multimodal_facial_data/processed_facial/fer_2013_train_happy_0095.jpg,multimodal_facial_data/raw_facial/fer2013/train/happy/Training_25621096.jpg
train_happy_0096,happy,3,train,True,multimodal_facial_data/processed_facial/fer_2013_train_happy_0096.jpg,multimodal_facial_data/raw_facial/fer2013/train/happy/Training_73764577.jpg
train_happy_0097,happy,3,train,True,multimodal_facial_data/processed_facial/fer_2013_train_happy_0097.jpg,multimodal_facial_data/raw_facial/fer2013/train/happy/Training_48410081.jpg
train_happy_0098,happy,3,train,True,multimodal_facial_data/processed_facial/fer_2013_train_happy_0098.jpg,multimodal_facial_data/raw_facial/fer2013/train/happy/Training_80931287.jpg
train_happy_0099,happy,3,train,True,multimodal_facial_data/processed_facial/fer_2013_train_happy_0099.jpg,multimodal_facial_data/raw_facial/fer2013/train/happy/Training_25566250.jpg
train_disgust_0000,disgust,1,train,True,multimodal_facial_data/processed_facial/fer_2013_train_disgust_0000.jpg,multimodal_facial_data/raw_facial/fer2013/train/disgust/Training_35846483.jpg
train_disgust_0001,disgust,1,train,True,multimodal_facial_data/processed_facial/fer_2013_train_disgust_0001.jpg,multimodal_facial_data/raw_facial/fer2013/train/disgust/Training_659019.jpg
train_disgust_0002,disgust,1,train,True,multimodal_facial_data/processed_facial/fer_2013_train_disgust_0002.jpg,multimodal_facial_data/raw_facial/fer2013/train/disgust/Training_55790100.jpg
train_disgust_0003,disgust,1,train,True,multimodal_facial_data/processed_facial/fer_2013_train_disgust_0003.jpg,multimodal_facial_data/raw_facial/fer2013/train/disgust/Training_93703215.jpg
train_disgust_0004,disgust,1,train,False,multimodal_facial_data/processed_facial/fer_2013_train_disgust_0004.jpg,multimodal_facial_data/raw_facial/fer2013/train/disgust/Training_78735276.jpg
train_disgust_0005,disgust,1,train,True,multimodal_facial_data/processed_facial/fer_2013_train_disgust_0005.jpg,multimodal_facial_data/raw_facial/fer2013/train/disgust/Training_67888404.jpg
train_disgust_0006,disgust,1,train,True,multimodal_facial_data/processed_facial/fer_2013_train_disgust_0006.jpg,multimodal_facial_data/raw_facial/fer2013/train/disgust/Training_37855272.jpg
train_disgust_0007,disgust,1,train,False,multimodal_facial_data/processed_facial/fer_2013_train_disgust_0007.jpg,multimodal_facial_data/raw_facial/fer2013/train/disgust/Training_42237066.jpg
train_disgust_0008,disgust,1,train,True,multimodal_facial_data/processed_facial/fer_2013_train_disgust_0008.jpg,multimodal_facial_data/raw_facial/fer2013/train/disgust/Training_33099414.jpg
train_disgust_0009,disgust,1,train,True,multimodal_facial_data/processed_facial/fer_2013_train_disgust_0009.jpg,multimodal_facial_data/raw_facial/fer2013/train/disgust/Training_67085421.jpg
train_disgust_0010,disgust,1,train,True,multimodal_facial_data/processed_facial/fer_2013_train_disgust_0010.jpg,multimodal_facial_data/raw_facial/fer2013/train/disgust/Training_81049148.jpg
train_disgust_0011,disgust,1,train,True,multimodal_facial_data/processed_facial/fer_2013_train_disgust_0011.jpg,multimodal_facial_data/raw_facial/fer2013/train/disgust/Training_99044827.jpg
train_disgust_0012,disgust,1,train,True,multimodal_facial_data/processed_facial/fer_2013_train_disgust_0012.jpg,multimodal_facial_data/raw_facial/fer2013/train/disgust/Training_52126443.jpg
train_disgust_0013,disgust,1,train,True,multimodal_facial_data/processed_facial/fer_2013_train_disgust_0013.jpg,multimodal_facial_data/raw_facial/fer2013/train/disgust/Training_92867053.jpg
train_disgust_0014,disgust,1,train,True,multimodal_facial_data/processed_facial/fer_2013_train_disgust_0014.jpg,multimodal_facial_data/raw_facial/fer2013/train/disgust/Training_9567515.jpg
train_disgust_0015,disgust,1,train,False,multimodal_facial_data/processed_facial/fer_2013_train_disgust_0015.jpg,multimodal_facial_data/raw_facial/fer2013/train/disgust/Training_11652168.jpg
train_disgust_0016,disgust,1,train,True,multimodal_facial_data/processed_facial/fer_2013_train_disgust_0016.jpg,multimodal_facial_data/raw_facial/fer2013/train/disgust/Training_67301317.jpg
train_disgust_0017,disgust,1,train,False,multimodal_facial_data/processed_facial/fer_2013_train_disgust_0017.jpg,multimodal_facial_data/raw_facial/fer2013/train/disgust/Training_71184114.jpg
train_disgust_0018,disgust,1,train,True,multimodal_facial_data/processed_facial/fer_2013_train_disgust_0018.jpg,multimodal_facial_data/raw_facial/fer2013/train/disgust/Training_27574839.jpg
train_disgust_0019,disgust,1,train,False,multimodal_facial_data/processed_facial/fer_2013_train_disgust_0019.jpg,multimodal_facial_data/raw_facial/fer2013/train/disgust/Training_80671795.jpg
train_disgust_0020,disgust,1,train,True,multimodal_facial_data/processed_facial/fer_2013_train_disgust_0020.jpg,multimodal_facial_data/raw_facial/fer2013/train/disgust/Training_8536264.jpg
train_disgust_0021,disgust,1,train,False,multimodal_facial_data/processed_facial/fer_2013_train_disgust_0021.jpg,multimodal_facial_data/raw_facial/fer2013/train/disgust/Training_14124662.jpg
train_disgust_0022,disgust,1,train,True,multimodal_facial_data/processed_facial/fer_2013_train_disgust_0022.jpg,multimodal_facial_data/raw_facial/fer2013/train/disgust/Training_84519169.jpg
train_disgust_0023,disgust,1,train,True,multimodal_facial_data/processed_facial/fer_2013_train_disgust_0023.jpg,multimodal_facial_data/raw_facial/fer2013/train/disgust/Training_43986935.jpg
train_disgust_0024,disgust,1,train,True,multimodal_facial_data/processed_facial/fer_2013_train_disgust_0024.jpg,multimodal_facial_data/raw_facial/fer2013/train/disgust/Training_84874359.jpg
train_disgust_0025,disgust,1,train,False,multimodal_facial_data/processed_facial/fer_2013_train_disgust_0025.jpg,multimodal_facial_data/raw_facial/fer2013/train/disgust/Training_14049546.jpg
train_disgust_0026,disgust,1,train,True,multimodal_facial_data/processed_facial/fer_2013_train_disgust_0026.jpg,multimodal_facial_data/raw_facial/fer2013/train/disgust/Training_97638867.jpg
train_disgust_0027,disgust,1,train,False,multimodal_facial_data/processed_facial/fer_2013_train_disgust_0027.jpg,multimodal_facial_data/raw_facial/fer2013/train/disgust/Training_41474720.jpg
train_disgust_0028,disgust,1,train,True,multimodal_facial_data/processed_facial/fer_2013_train_disgust_0028.jpg,multimodal_facial_data/raw_facial/fer2013/train/disgust/Training_43083070.jpg
train_disgust_0029,disgust,1,train,True,multimodal_facial_data/processed_facial/fer_2013_train_disgust_0029.jpg,multimodal_facial_data/raw_facial/fer2013/train/disgust/Training_73540712.jpg
train_disgust_0030,disgust,1,train,False,multimodal_facial_data/processed_facial/fer_2013_train_disgust_0030.jpg,multimodal_facial_data/raw_facial/fer2013/train/disgust/Training_5459858.jpg
train_disgust_0031,disgust,1,train,False,multimodal_facial_data/processed_facial/fer_2013_train_disgust_0031.jpg,multimodal_facial_data/raw_facial/fer2013/train/disgust/Training_76503162.jpg
train_disgust_0032,disgust,1,train,True,multimodal_facial_data/processed_facial/fer_2013_train_disgust_0032.jpg,multimodal_facial_data/raw_facial/fer2013/train/disgust/Training_44375986.jpg
train_disgust_0033,disgust,1,train,True,multimodal_facial_data/processed_facial/fer_2013_train_disgust_0033.jpg,multimodal_facial_data/raw_facial/fer2013/train/disgust/Training_25610374.jpg
train_disgust_0034,disgust,1,train,True,multimodal_facial_data/processed_facial/fer_2013_train_disgust_0034.jpg,multimodal_facial_data/raw_facial/fer2013/train/disgust/Training_18375779.jpg
train_disgust_0035,disgust,1,train,True,multimodal_facial_data/processed_facial/fer_2013_train_disgust_0035.jpg,multimodal_facial_data/raw_facial/fer2013/train/disgust/Training_48256589.jpg
train_disgust_0036,disgust,1,train,True,multimodal_facial_data/processed_facial/fer_2013_train_disgust_0036.jpg,multimodal_facial_data/raw_facial/fer2013/train/disgust/Training_61032772.jpg
train_disgust_0037,disgust,1,train,True,multimodal_facial_data/processed_facial/fer_2013_train_disgust_0037.jpg,multimodal_facial_data/raw_facial/fer2013/train/disgust/Training_86653280.jpg
train_disgust_0038,disgust,1,train,True,multimodal_facial_data/processed_facial/fer_2013_train_disgust_0038.jpg,multimodal_facial_data/raw_facial/fer2013/train/disgust/Training_7975772.jpg
train_disgust_0039,disgust,1,train,True,multimodal_facial_data/processed_facial/fer_2013_train_disgust_0039.jpg,multimodal_facial_data/raw_facial/fer2013/train/disgust/Training_52480931.jpg
train_disgust_0040,disgust,1,train,True,multimodal_facial_data/processed_facial/fer_2013_train_disgust_0040.jpg,multimodal_facial_data/raw_facial/fer2013/train/disgust/Training_96734926.jpg
train_disgust_0041,disgust,1,train,True,multimodal_facial_data/processed_facial/fer_2013_train_disgust_0041.jpg,multimodal_facial_data/raw_facial/fer2013/train/disgust/Training_25520941.jpg
train_disgust_0042,disgust,1,train,False,multimodal_facial_data/processed_facial/fer_2013_train_disgust_0042.jpg,multimodal_facial_data/raw_facial/fer2013/train/disgust/Training_39701184.jpg
train_disgust_0043,disgust,1,train,True,multimodal_facial_data/processed_facial/fer_2013_train_disgust_0043.jpg,multimodal_facial_data/raw_facial/fer2013/train/disgust/Training_11550217.jpg
train_disgust_0044,disgust,1,train,True,multimodal_facial_data/processed_facial/fer_2013_train_disgust_0044.jpg,multimodal_facial_data/raw_facial/fer2013/train/disgust/Training_14528146.jpg
train_disgust_0045,disgust,1,train,True,multimodal_facial_data/processed_facial/fer_2013_train_disgust_0045.jpg,multimodal_facial_data/raw_facial/fer2013/train/disgust/Training_58836036.jpg
train_disgust_0046,disgust,1,train,True,multimodal_facial_data/processed_facial/fer_2013_train_disgust_0046.jpg,multimodal_facial_data/raw_facial/fer2013/train/disgust/Training_94788538.jpg
train_disgust_0047,disgust,1,train,False,multimodal_facial_data/processed_facial/fer_2013_train_disgust_0047.jpg,multimodal_facial_data/raw_facial/fer2013/train/disgust/Training_93510905.jpg
train_disgust_0048,disgust,1,train,True,multimodal_facial_data/processed_facial/fer_2013_train_disgust_0048.jpg,multimodal_facial_data/raw_facial/fer2013/train/disgust/Training_57692374.jpg
train_disgust_0049,disgust,1,train,True,multimodal_facial_data/processed_facial/fer_2013_train_disgust_0049.jpg,multimodal_facial_data/raw_facial/fer2013/train/disgust/Training_29267008.jpg
train_disgust_0050,disgust,1,train,True,multimodal_facial_data/processed_facial/fer_2013_train_disgust_0050.jpg,multimodal_facial_data/raw_facial/fer2013/train/disgust/Training_43545246.jpg
train_disgust_0051,disgust,1,train,False,multimodal_facial_data/processed_facial/fer_2013_train_disgust_0051.jpg,multimodal_facial_data/raw_facial/fer2013/train/disgust/Training_17705855.jpg
train_disgust_0052,disgust,1,train,True,multimodal_facial_data/processed_facial/fer_2013_train_disgust_0052.jpg,multimodal_facial_data/raw_facial/fer2013/train/disgust/Training_77446866.jpg
train_disgust_0053,disgust,1,train,True,multimodal_facial_data/processed_facial/fer_2013_train_disgust_0053.jpg,multimodal_facial_data/raw_facial/fer2013/train/disgust/Training_21653452.jpg
train_disgust_0054,disgust,1,train,True,multimodal_facial_data/processed_facial/fer_2013_train_disgust_0054.jpg,multimodal_facial_data/raw_facial/fer2013/train/disgust/Training_79051820.jpg
train_disgust_0055,disgust,1,train,True,multimodal_facial_data/processed_facial/fer_2013_train_disgust_0055.jpg,multimodal_facial_data/raw_facial/fer2013/train/disgust/Training_35148883.jpg
train_disgust_0056,disgust,1,train,True,multimodal_facial_data/processed_facial/fer_2013_train_disgust_0056.jpg,multimodal_facial_data/raw_facial/fer2013/train/disgust/Training_16203955.jpg
train_disgust_0057,disgust,1,train,True,multimodal_facial_data/processed_facial/fer_2013_train_disgust_0057.jpg,multimodal_facial_data/raw_facial/fer2013/train/disgust/Training_80419429.jpg
train_disgust_0058,disgust,1,train,True,multimodal_facial_data/processed_facial/fer_2013_train_disgust_0058.jpg,multimodal_facial_data/raw_facial/fer2013/train/disgust/Training_59432375.jpg
train_disgust_0059,disgust,1,train,False,multimodal_facial_data/processed_facial/fer_2013_train_disgust_0059.jpg,multimodal_facial_data/raw_facial/fer2013/train/disgust/Training_55410082.jpg
train_disgust_0060,disgust,1,train,True,multimodal_facial_data/processed_facial/fer_2013_train_disgust_0060.jpg,multimodal_facial_data/raw_facial/fer2013/train/disgust/Training_59409463.jpg
train_disgust_0061,disgust,1,train,True,multimodal_facial_data/processed_facial/fer_2013_train_disgust_0061.jpg,multimodal_facial_data/raw_facial/fer2013/train/disgust/Training_5395043.jpg
train_disgust_0062,disgust,1,train,True,multimodal_facial_data/processed_facial/fer_2013_train_disgust_0062.jpg,multimodal_facial_data/raw_facial/fer2013/train/disgust/Training_36703585.jpg
train_disgust_0063,disgust,1,train,True,multimodal_facial_data/processed_facial/fer_2013_train_disgust_0063.jpg,multimodal_facial_data/raw_facial/fer2013/train/disgust/Training_75609687.jpg
train_disgust_0064,disgust,1,train,True,multimodal_facial_data/processed_facial/fer_2013_train_disgust_0064.jpg,multimodal_facial_data/raw_facial/fer2013/train/disgust/Training_82025016.jpg
train_disgust_0065,disgust,1,train,True,multimodal_facial_data/processed_facial/fer_2013_train_disgust_0065.jpg,multimodal_facial_data/raw_facial/fer2013/train/disgust/Training_36831728.jpg
train_disgust_0066,disgust,1,train,True,multimodal_facial_data/processed_facial/fer_2013_train_disgust_0066.jpg,multimodal_facial_data/raw_facial/fer2013/train/disgust/Training_29683994.jpg
train_disgust_0067,disgust,1,train,True,multimodal_facial_data/processed_facial/fer_2013_train_disgust_0067.jpg,multimodal_facial_data/raw_facial/fer2013/train/disgust/Training_15256337.jpg
train_disgust_0068,disgust,1,train,True,multimodal_facial_data/processed_facial/fer_2013_train_disgust_0068.jpg,multimodal_facial_data/raw_facial/fer2013/train/disgust/Training_24684250.jpg
train_disgust_0069,disgust,1,train,True,multimodal_facial_data/processed_facial/fer_2013_train_disgust_0069.jpg,multimodal_facial_data/raw_facial/fer2013/train/disgust/Training_99747227.jpg
train_disgust_0070,disgust,1,train,True,multimodal_facial_data/processed_facial/fer_2013_train_disgust_0070.jpg,multimodal_facial_data/raw_facial/fer2013/train/disgust/Training_79019465.jpg
train_disgust_0071,disgust,1,train,False,multimodal_facial_data/processed_facial/fer_2013_train_disgust_0071.jpg,multimodal_facial_data/raw_facial/fer2013/train/disgust/Training_2408820.jpg
train_disgust_0072,disgust,1,train,True,multimodal_facial_data/processed_facial/fer_2013_train_disgust_0072.jpg,multimodal_facial_data/raw_facial/fer2013/train/disgust/Training_25631538.jpg
train_disgust_0073,disgust,1,train,True,multimodal_facial_data/processed_facial/fer_2013_train_disgust_0073.jpg,multimodal_facial_data/raw_facial/fer2013/train/disgust/Training_3858356.jpg
train_disgust_0074,disgust,1,train,True,multimodal_facial_data/processed_facial/fer_2013_train_disgust_0074.jpg,multimodal_facial_data/raw_facial/fer2013/train/disgust/Training_35175107.jpg
train_disgust_0075,disgust,1,train,True,multimodal_facial_data/processed_facial/fer_2013_train_disgust_0075.jpg,multimodal_facial_data/raw_facial/fer2013/train/disgust/Training_80443921.jpg
train_disgust_0076,disgust,1,train,True,multimodal_facial_data/processed_facial/fer_2013_train_disgust_0076.jpg,multimodal_facial_data/raw_facial/fer2013/train/disgust/Training_70228475.jpg
train_disgust_0077,disgust,1,train,True,multimodal_facial_data/processed_facial/fer_2013_train_disgust_0077.jpg,multimodal_facial_data/raw_facial/fer2013/train/disgust/Training_11732399.jpg
train_disgust_0078,disgust,1,train,True,multimodal_facial_data/processed_facial/fer_2013_train_disgust_0078.jpg,multimodal_facial_data/raw_facial/fer2013/train/disgust/Training_18809541.jpg
train_disgust_0079,disgust,1,train,True,multimodal_facial_data/processed_facial/fer_2013_train_disgust_0079.jpg,multimodal_facial_data/raw_facial/fer2013/train/disgust/Training_72272405.jpg
train_disgust_0080,disgust,1,train,False,multimodal_facial_data/processed_facial/fer_2013_train_disgust_0080.jpg,multimodal_facial_data/raw_facial/fer2013/train/disgust/Training_24397096.jpg
train_disgust_0081,disgust,1,train,False,multimodal_facial_data/processed_facial/fer_2013_train_disgust_0081.jpg,multimodal_facial_data/raw_facial/fer2013/train/disgust/Training_84557608.jpg
train_disgust_0082,disgust,1,train,True,multimodal_facial_data/processed_facial/fer_2013_train_disgust_0082.jpg,multimodal_facial_data/raw_facial/fer2013/train/disgust/Training_63987627.jpg
train_disgust_0083,disgust,1,train,True,multimodal_facial_data/processed_facial/fer_2013_train_disgust_0083.jpg,multimodal_facial_data/raw_facial/fer2013/train/disgust/Training_61376133.jpg
train_disgust_0084,disgust,1,train,False,multimodal_facial_data/processed_facial/fer_2013_train_disgust_0084.jpg,multimodal_facial_data/raw_facial/fer2013/train/disgust/Training_63881263.jpg
train_disgust_0085,disgust,1,train,True,multimodal_facial_data/processed_facial/fer_2013_train_disgust_0085.jpg,multimodal_facial_data/raw_facial/fer2013/train/disgust/Training_10598340.jpg
train_disgust_0086,disgust,1,train,True,multimodal_facial_data/processed_facial/fer_2013_train_disgust_0086.jpg,multimodal_facial_data/raw_facial/fer2013/train/disgust/Training_55559187.jpg
train_disgust_0087,disgust,1,train,True,multimodal_facial_data/processed_facial/fer_2013_train_disgust_0087.jpg,multimodal_facial_data/raw_facial/fer2013/train/disgust/Training_97690817.jpg
train_disgust_0088,disgust,1,train,True,multimodal_facial_data/processed_facial/fer_2013_train_disgust_0088.jpg,multimodal_facial_data/raw_facial/fer2013/train/disgust/Training_57324305.jpg
train_disgust_0089,disgust,1,train,True,multimodal_facial_data/processed_facial/fer_2013_train_disgust_0089.jpg,multimodal_facial_data/raw_facial/fer2013/train/disgust/Training_33580687.jpg
train_disgust_0090,disgust,1,train,True,multimodal_facial_data/processed_facial/fer_2013_train_disgust_0090.jpg,multimodal_facial_data/raw_facial/fer2013/train/disgust/Training_81772924.jpg
train_disgust_0091,disgust,1,train,True,multimodal_facial_data/processed_facial/fer_2013_train_disgust_0091.jpg,multimodal_facial_data/raw_facial/fer2013/train/disgust/Training_44470373.jpg
train_disgust_0092,disgust,1,train,True,multimodal_facial_data/processed_facial/fer_2013_train_disgust_0092.jpg,multimodal_facial_data/raw_facial/fer2013/train/disgust/Training_52302945.jpg
train_disgust_0093,disgust,1,train,True,multimodal_facial_data/processed_facial/fer_2013_train_disgust_0093.jpg,multimodal_facial_data/raw_facial/fer2013/train/disgust/Training_69367360.jpg
train_disgust_0094,disgust,1,train,True,multimodal_facial_data/processed_facial/fer_2013_train_disgust_0094.jpg,multimodal_facial_data/raw_facial/fer2013/train/disgust/Training_8819879.jpg
train_disgust_0095,disgust,1,train,True,multimodal_facial_data/processed_facial/fer_2013_train_disgust_0095.jpg,multimodal_facial_data/raw_facial/fer2013/train/disgust/Training_26453750.jpg
train_disgust_0096,disgust,1,train,True,multimodal_facial_data/processed_facial/fer_2013_train_disgust_0096.jpg,multimodal_facial_data/raw_facial/fer2013/train/disgust/Training_92886088.jpg
train_disgust_0097,disgust,1,train,True,multimodal_facial_data/processed_facial/fer_2013_train_disgust_0097.jpg,multimodal_facial_data/raw_facial/fer2013/train/disgust/Training_97741852.jpg
train_disgust_0098,disgust,1,train,False,multimodal_facial_data/processed_facial/fer_2013_train_disgust_0098.jpg,multimodal_facial_data/raw_facial/fer2013/train/disgust/Training_89374221.jpg
train_disgust_0099,disgust,1,train,False,multimodal_facial_data/processed_facial/fer_2013_train_disgust_0099.jpg,multimodal_facial_data/raw_facial/fer2013/train/disgust/Training_70479209.jpg
train_angry_0000,angry,0,train,True,multimodal_facial_data/processed_facial/fer_2013_train_angry_0000.jpg,multimodal_facial_data/raw_facial/fer2013/train/angry/Training_36072885.jpg
train_angry_0001,angry,0,train,True,multimodal_facial_data/processed_facial/fer_2013_train_angry_0001.jpg,multimodal_facial_data/raw_facial/fer2013/train/angry/Training_54578574.jpg
train_angry_0002,angry,0,train,True,multimodal_facial_data/processed_facial/fer_2013_train_angry_0002.jpg,multimodal_facial_data/raw_facial/fer2013/train/angry/Training_16636429.jpg
train_angry_0003,angry,0,train,True,multimodal_facial_data/processed_facial/fer_2013_train_angry_0003.jpg,multimodal_facial_data/raw_facial/fer2013/train/angry/Training_90271872.jpg
train_angry_0004,angry,0,train,False,multimodal_facial_data/processed_facial/fer_2013_train_angry_0004.jpg,multimodal_facial_data/raw_facial/fer2013/train/angry/Training_29616137.jpg
train_angry_0005,angry,0,train,True,multimodal_facial_data/processed_facial/fer_2013_train_angry_0005.jpg,multimodal_facial_data/raw_facial/fer2013/train/angry/Training_4049018.jpg
train_angry_0006,angry,0,train,True,multimodal_facial_data/processed_facial/fer_2013_train_angry_0006.jpg,multimodal_facial_data/raw_facial/fer2013/train/angry/Training_5403082.jpg
train_angry_0007,angry,0,train,True,multimodal_facial_data/processed_facial/fer_2013_train_angry_0007.jpg,multimodal_facial_data/raw_facial/fer2013/train/angry/Training_5433668.jpg
train_angry_0008,angry,0,train,True,multimodal_facial_data/processed_facial/fer_2013_train_angry_0008.jpg,multimodal_facial_data/raw_facial/fer2013/train/angry/Training_42672719.jpg
train_angry_0009,angry,0,train,True,multimodal_facial_data/processed_facial/fer_2013_train_angry_0009.jpg,multimodal_facial_data/raw_facial/fer2013/train/angry/Training_77390485.jpg
train_angry_0010,angry,0,train,False,multimodal_facial_data/processed_facial/fer_2013_train_angry_0010.jpg,multimodal_facial_data/raw_facial/fer2013/train/angry/Training_53485095.jpg
train_angry_0011,angry,0,train,True,multimodal_facial_data/processed_facial/fer_2013_train_angry_0011.jpg,multimodal_facial_data/raw_facial/fer2013/train/angry/Training_81350174.jpg
train_angry_0012,angry,0,train,True,multimodal_facial_data/processed_facial/fer_2013_train_angry_0012.jpg,multimodal_facial_data/raw_facial/fer2013/train/angry/Training_75118146.jpg
train_angry_0013,angry,0,train,False,multimodal_facial_data/processed_facial/fer_2013_train_angry_0013.jpg,multimodal_facial_data/raw_facial/fer2013/train/angry/Training_32571770.jpg
train_angry_0014,angry,0,train,True,multimodal_facial_data/processed_facial/fer_2013_train_angry_0014.jpg,multimodal_facial_data/raw_facial/fer2013/train/angry/Training_99744727.jpg
train_angry_0015,angry,0,train,True,multimodal_facial_data/processed_facial/fer_2013_train_angry_0015.jpg,multimodal_facial_data/raw_facial/fer2013/train/angry/Training_14248179.jpg
train_angry_0016,angry,0,train,False,multimodal_facial_data/processed_facial/fer_2013_train_angry_0016.jpg,multimodal_facial_data/raw_facial/fer2013/train/angry/Training_62690402.jpg
train_angry_0017,angry,0,train,True,multimodal_facial_data/processed_facial/fer_2013_train_angry_0017.jpg,multimodal_facial_data/raw_facial/fer2013/train/angry/Training_23785053.jpg
train_angry_0018,angry,0,train,True,multimodal_facial_data/processed_facial/fer_2013_train_angry_0018.jpg,multimodal_facial_data/raw_facial/fer2013/train/angry/Training_55896528.jpg
train_angry_0019,angry,0,train,True,multimodal_facial_data/processed_facial/fer_2013_train_angry_0019.jpg,multimodal_facial_data/raw_facial/fer2013/train/angry/Training_25593873.jpg
train_angry_0020,angry,0,train,True,multimodal_facial_data/processed_facial/fer_2013_train_angry_0020.jpg,multimodal_facial_data/raw_facial/fer2013/train/angry/Training_21096846.jpg
train_angry_0021,angry,0,train,True,multimodal_facial_data/processed_facial/fer_2013_train_angry_0021.jpg,multimodal_facial_data/raw_facial/fer2013/train/angry/Training_19778378.jpg
train_angry_0022,angry,0,train,False,multimodal_facial_data/processed_facial/fer_2013_train_angry_0022.jpg,multimodal_facial_data/raw_facial/fer2013/train/angry/Training_59667109.jpg
train_angry_0023,angry,0,train,True,multimodal_facial_data/processed_facial/fer_2013_train_angry_0023.jpg,multimodal_facial_data/raw_facial/fer2013/train/angry/Training_36936795.jpg
train_angry_0024,angry,0,train,True,multimodal_facial_data/processed_facial/fer_2013_train_angry_0024.jpg,multimodal_facial_data/raw_facial/fer2013/train/angry/Training_30714652.jpg
train_angry_0025,angry,0,train,True,multimodal_facial_data/processed_facial/fer_2013_train_angry_0025.jpg,multimodal_facial_data/raw_facial/fer2013/train/angry/Training_63167630.jpg
train_angry_0026,angry,0,train,True,multimodal_facial_data/processed_facial/fer_2013_train_angry_0026.jpg,multimodal_facial_data/raw_facial/fer2013/train/angry/Training_21450179.jpg
train_angry_0027,angry,0,train,True,multimodal_facial_data/processed_facial/fer_2013_train_angry_0027.jpg,multimodal_facial_data/raw_facial/fer2013/train/angry/Training_89114103.jpg
train_angry_0028,angry,0,train,True,multimodal_facial_data/processed_facial/fer_2013_train_angry_0028.jpg,multimodal_facial_data/raw_facial/fer2013/train/angry/Training_37144035.jpg
train_angry_0029,angry,0,train,True,multimodal_facial_data/processed_facial/fer_2013_train_angry_0029.jpg,multimodal_facial_data/raw_facial/fer2013/train/angry/Training_40219937.jpg
train_angry_0030,angry,0,train,True,multimodal_facial_data/processed_facial/fer_2013_train_angry_0030.jpg,multimodal_facial_data/raw_facial/fer2013/train/angry/Training_43356598.jpg
train_angry_0031,angry,0,train,True,multimodal_facial_data/processed_facial/fer_2013_train_angry_0031.jpg,multimodal_facial_data/raw_facial/fer2013/train/angry/Training_78071520.jpg
train_angry_0032,angry,0,train,True,multimodal_facial_data/processed_facial/fer_2013_train_angry_0032.jpg,multimodal_facial_data/raw_facial/fer2013/train/angry/Training_29066246.jpg
train_angry_0033,angry,0,train,True,multimodal_facial_data/processed_facial/fer_2013_train_angry_0033.jpg,multimodal_facial_data/raw_facial/fer2013/train/angry/Training_6009218.jpg
train_angry_0034,angry,0,train,True,multimodal_facial_data/processed_facial/fer_2013_train_angry_0034.jpg,multimodal_facial_data/raw_facial/fer2013/train/angry/Training_92927605.jpg
train_angry_0035,angry,0,train,True,multimodal_facial_data/processed_facial/fer_2013_train_angry_0035.jpg,multimodal_facial_data/raw_facial/fer2013/train/angry/Training_3598867.jpg
train_angry_0036,angry,0,train,False,multimodal_facial_data/processed_facial/fer_2013_train_angry_0036.jpg,multimodal_facial_data/raw_facial/fer2013/train/angry/Training_3125398.jpg
train_angry_0037,angry,0,train,True,multimodal_facial_data/processed_facial/fer_2013_train_angry_0037.jpg,multimodal_facial_data/raw_facial/fer2013/train/angry/Training_43485342.jpg
train_angry_0038,angry,0,train,True,multimodal_facial_data/processed_facial/fer_2013_train_angry_0038.jpg,multimodal_facial_data/raw_facial/fer2013/train/angry/Training_17871246.jpg
train_angry_0039,angry,0,train,True,multimodal_facial_data/processed_facial/fer_2013_train_angry_0039.jpg,multimodal_facial_data/raw_facial/fer2013/train/angry/Training_11576563.jpg
train_angry_0040,angry,0,train,True,multimodal_facial_data/processed_facial/fer_2013_train_angry_0040.jpg,multimodal_facial_data/raw_facial/fer2013/train/angry/Training_58050106.jpg
train_angry_0041,angry,0,train,True,multimodal_facial_data/processed_facial/fer_2013_train_angry_0041.jpg,multimodal_facial_data/raw_facial/fer2013/train/angry/Training_24419294.jpg
train_angry_0042,angry,0,train,True,multimodal_facial_data/processed_facial/fer_2013_train_angry_0042.jpg,multimodal_facial_data/raw_facial/fer2013/train/angry/Training_64793914.jpg
train_angry_0043,angry,0,train,True,multimodal_facial_data/processed_facial/fer_2013_train_angry_0043.jpg,multimodal_facial_data/raw_facial/fer2013/train/angry/Training_80076633.jpg
train_angry_0044,angry,0,train,True,multimodal_facial_data/processed_facial/fer_2013_train_angry_0044.jpg,multimodal_facial_data/raw_facial/fer2013/train/angry/Training_90899742.jpg
train_angry_0045,angry,0,train,True,multimodal_facial_data/processed_facial/fer_2013_train_angry_0045.jpg,multimodal_facial_data/raw_facial/fer2013/train/angry/Training_80496474.jpg
train_angry_0046,angry,0,train,True,multimodal_facial_data/processed_facial/fer_2013_train_angry_0046.jpg,multimodal_facial_data/raw_facial/fer2013/train/angry/Training_20006314.jpg
train_angry_0047,angry,0,train,True,multimodal_facial_data/processed_facial/fer_2013_train_angry_0047.jpg,multimodal_facial_data/raw_facial/fer2013/train/angry/Training_31793501.jpg
train_angry_0048,angry,0,train,True,multimodal_facial_data/processed_facial/fer_2013_train_angry_0048.jpg,multimodal_facial_data/raw_facial/fer2013/train/angry/Training_3230992.jpg
train_angry_0049,angry,0,train,True,multimodal_facial_data/processed_facial/fer_2013_train_angry_0049.jpg,multimodal_facial_data/raw_facial/fer2013/train/angry/Training_55918369.jpg
train_angry_0050,angry,0,train,True,multimodal_facial_data/processed_facial/fer_2013_train_angry_0050.jpg,multimodal_facial_data/raw_facial/fer2013/train/angry/Training_79659862.jpg
train_angry_0051,angry,0,train,False,multimodal_facial_data/processed_facial/fer_2013_train_angry_0051.jpg,multimodal_facial_data/raw_facial/fer2013/train/angry/Training_29502116.jpg
train_angry_0052,angry,0,train,True,multimodal_facial_data/processed_facial/fer_2013_train_angry_0052.jpg,multimodal_facial_data/raw_facial/fer2013/train/angry/Training_94199297.jpg
train_angry_0053,angry,0,train,True,multimodal_facial_data/processed_facial/fer_2013_train_angry_0053.jpg,multimodal_facial_data/raw_facial/fer2013/train/angry/Training_33691620.jpg
train_angry_0054,angry,0,train,True,multimodal_facial_data/processed_facial/fer_2013_train_angry_0054.jpg,multimodal_facial_data/raw_facial/fer2013/train/angry/Training_23734703.jpg
train_angry_0055,angry,0,train,True,multimodal_facial_data/processed_facial/fer_2013_train_angry_0055.jpg,multimodal_facial_data/raw_facial/fer2013/train/angry/Training_50076719.jpg
train_angry_0056,angry,0,train,False,multimodal_facial_data/processed_facial/fer_2013_train_angry_0056.jpg,multimodal_facial_data/raw_facial/fer2013/train/angry/Training_7311416.jpg
train_angry_0057,angry,0,train,False,multimodal_facial_data/processed_facial/fer_2013_train_angry_0057.jpg,multimodal_facial_data/raw_facial/fer2013/train/angry/Training_71710274.jpg
train_angry_0058,angry,0,train,False,multimodal_facial_data/processed_facial/fer_2013_train_angry_0058.jpg,multimodal_facial_data/raw_facial/fer2013/train/angry/Training_62899427.jpg
train_angry_0059,angry,0,train,True,multimodal_facial_data/processed_facial/fer_2013_train_angry_0059.jpg,multimodal_facial_data/raw_facial/fer2013/train/angry/Training_85994368.jpg
train_angry_0060,angry,0,train,True,multimodal_facial_data/processed_facial/fer_2013_train_angry_0060.jpg,multimodal_facial_data/raw_facial/fer2013/train/angry/Training_33349680.jpg
train_angry_0061,angry,0,train,True,multimodal_facial_data/processed_facial/fer_2013_train_angry_0061.jpg,multimodal_facial_data/raw_facial/fer2013/train/angry/Training_69312642.jpg
train_angry_0062,angry,0,train,True,multimodal_facial_data/processed_facial/fer_2013_train_angry_0062.jpg,multimodal_facial_data/raw_facial/fer2013/train/angry/Training_16902014.jpg
train_angry_0063,angry,0,train,False,multimodal_facial_data/processed_facial/fer_2013_train_angry_0063.jpg,multimodal_facial_data/raw_facial/fer2013/train/angry/Training_34028359.jpg
train_angry_0064,angry,0,train,True,multimodal_facial_data/processed_facial/fer_2013_train_angry_0064.jpg,multimodal_facial_data/raw_facial/fer2013/train/angry/Training_88027194.jpg
train_angry_0065,angry,0,train,True,multimodal_facial_data/processed_facial/fer_2013_train_angry_0065.jpg,multimodal_facial_data/raw_facial/fer2013/train/angry/Training_55068516.jpg
train_angry_0066,angry,0,train,True,multimodal_facial_data/processed_facial/fer_2013_train_angry_0066.jpg,multimodal_facial_data/raw_facial/fer2013/train/angry/Training_25376117.jpg
train_angry_0067,angry,0,train,True,multimodal_facial_data/processed_facial/fer_2013_train_angry_0067.jpg,multimodal_facial_data/raw_facial/fer2013/train/angry/Training_82840591.jpg
train_angry_0068,angry,0,train,True,multimodal_facial_data/processed_facial/fer_2013_train_angry_0068.jpg,multimodal_facial_data/raw_facial/fer2013/train/angry/Training_11023881.jpg
train_angry_0069,angry,0,train,True,multimodal_facial_data/processed_facial/fer_2013_train_angry_0069.jpg,multimodal_facial_data/raw_facial/fer2013/train/angry/Training_70761180.jpg
train_angry_0070,angry,0,train,False,multimodal_facial_data/processed_facial/fer_2013_train_angry_0070.jpg,multimodal_facial_data/raw_facial/fer2013/train/angry/Training_35439197.jpg
train_angry_0071,angry,0,train,False,multimodal_facial_data/processed_facial/fer_2013_train_angry_0071.jpg,multimodal_facial_data/raw_facial/fer2013/train/angry/Training_31822012.jpg
train_angry_0072,angry,0,train,True,multimodal_facial_data/processed_facial/fer_2013_train_angry_0072.jpg,multimodal_facial_data/raw_facial/fer2013/train/angry/Training_73649481.jpg
train_angry_0073,angry,0,train,True,multimodal_facial_data/processed_facial/fer_2013_train_angry_0073.jpg,multimodal_facial_data/raw_facial/fer2013/train/angry/Training_41571062.jpg
train_angry_0074,angry,0,train,False,multimodal_facial_data/processed_facial/fer_2013_train_angry_0074.jpg,multimodal_facial_data/raw_facial/fer2013/train/angry/Training_91252094.jpg
train_angry_0075,angry,0,train,True,multimodal_facial_data/processed_facial/fer_2013_train_angry_0075.jpg,multimodal_facial_data/raw_facial/fer2013/train/angry/Training_35133903.jpg
train_angry_0076,angry,0,train,True,multimodal_facial_data/processed_facial/fer_2013_train_angry_0076.jpg,multimodal_facial_data/raw_facial/fer2013/train/angry/Training_43270328.jpg
train_angry_0077,angry,0,train,True,multimodal_facial_data/processed_facial/fer_2013_train_angry_0077.jpg,multimodal_facial_data/raw_facial/fer2013/train/angry/Training_97012426.jpg
train_angry_0078,angry,0,train,False,multimodal_facial_data/processed_facial/fer_2013_train_angry_0078.jpg,multimodal_facial_data/raw_facial/fer2013/train/angry/Training_83402648.jpg
train_angry_0079,angry,0,train,False,multimodal_facial_data/processed_facial/fer_2013_train_angry_0079.jpg,multimodal_facial_data/raw_facial/fer2013/train/angry/Training_6599119.jpg
train_angry_0080,angry,0,train,True,multimodal_facial_data/processed_facial/fer_2013_train_angry_0080.jpg,multimodal_facial_data/raw_facial/fer2013/train/angry/Training_91447822.jpg
train_angry_0081,angry,0,train,False,multimodal_facial_data/processed_facial/fer_2013_train_angry_0081.jpg,multimodal_facial_data/raw_facial/fer2013/train/angry/Training_30731743.jpg
train_angry_0082,angry,0,train,True,multimodal_facial_data/processed_facial/fer_2013_train_angry_0082.jpg,multimodal_facial_data/raw_facial/fer2013/train/angry/Training_91536579.jpg
train_angry_0083,angry,0,train,False,multimodal_facial_data/processed_facial/fer_2013_train_angry_0083.jpg,multimodal_facial_data/raw_facial/fer2013/train/angry/Training_75515916.jpg
train_angry_0084,angry,0,train,True,multimodal_facial_data/processed_facial/fer_2013_train_angry_0084.jpg,multimodal_facial_data/raw_facial/fer2013/train/angry/Training_80209767.jpg
train_angry_0085,angry,0,train,True,multimodal_facial_data/processed_facial/fer_2013_train_angry_0085.jpg,multimodal_facial_data/raw_facial/fer2013/train/angry/Training_24935028.jpg
train_angry_0086,angry,0,train,True,multimodal_facial_data/processed_facial/fer_2013_train_angry_0086.jpg,multimodal_facial_data/raw_facial/fer2013/train/angry/Training_38998897.jpg
train_angry_0087,angry,0,train,True,multimodal_facial_data/processed_facial/fer_2013_train_angry_0087.jpg,multimodal_facial_data/raw_facial/fer2013/train/angry/Training_16052786.jpg
train_angry_0088,angry,0,train,True,multimodal_facial_data/processed_facial/fer_2013_train_angry_0088.jpg,multimodal_facial_data/raw_facial/fer2013/train/angry/Training_37083666.jpg
train_angry_0089,angry,0,train,True,multimodal_facial_data/processed_facial/fer_2013_train_angry_0089.jpg,multimodal_facial_data/raw_facial/fer2013/train/angry/Training_3298836.jpg
train_angry_0090,angry,0,train,True,multimodal_facial_data/processed_facial/fer_2013_train_angry_0090.jpg,multimodal_facial_data/raw_facial/fer2013/train/angry/Training_69322664.jpg
train_angry_0091,angry,0,train,True,multimodal_facial_data/processed_facial/fer_2013_train_angry_0091.jpg,multimodal_facial_data/raw_facial/fer2013/train/angry/Training_55499396.jpg
train_angry_0092,angry,0,train,True,multimodal_facial_data/processed_facial/fer_2013_train_angry_0092.jpg,multimodal_facial_data/raw_facial/fer2013/train/angry/Training_63260845.jpg
train_angry_0093,angry,0,train,True,multimodal_facial_data/processed_facial/fer_2013_train_angry_0093.jpg,multimodal_facial_data/raw_facial/fer2013/train/angry/Training_33837916.jpg
train_angry_0094,angry,0,train,False,multimodal_facial_data/processed_facial/fer_2013_train_angry_0094.jpg,multimodal_facial_data/raw_facial/fer2013/train/angry/Training_12250673.jpg
train_angry_0095,angry,0,train,True,multimodal_facial_data/processed_facial/fer_2013_train_angry_0095.jpg,multimodal_facial_data/raw_facial/fer2013/train/angry/Training_14849067.jpg
train_angry_0096,angry,0,train,True,multimodal_facial_data/processed_facial/fer_2013_train_angry_0096.jpg,multimodal_facial_data/raw_facial/fer2013/train/angry/Training_98329457.jpg
train_angry_0097,angry,0,train,True,multimodal_facial_data/processed_facial/fer_2013_train_angry_0097.jpg,multimodal_facial_data/raw_facial/fer2013/train/angry/Training_92921932.jpg
train_angry_0098,angry,0,train,True,multimodal_facial_data/processed_facial/fer_2013_train_angry_0098.jpg,multimodal_facial_data/raw_facial/fer2013/train/angry/Training_44898129.jpg
train_angry_0099,angry,0,train,True,multimodal_facial_data/processed_facial/fer_2013_train_angry_0099.jpg,multimodal_facial_data/raw_facial/fer2013/train/angry/Training_25986851.jpg
train_surprise_0000,surprise,5,train,True,multimodal_facial_data/processed_facial/fer_2013_train_surprise_0000.jpg,multimodal_facial_data/raw_facial/fer2013/train/surprise/Training_36326507.jpg
train_surprise_0001,surprise,5,train,True,multimodal_facial_data/processed_facial/fer_2013_train_surprise_0001.jpg,multimodal_facial_data/raw_facial/fer2013/train/surprise/Training_22128947.jpg
train_surprise_0002,surprise,5,train,True,multimodal_facial_data/processed_facial/fer_2013_train_surprise_0002.jpg,multimodal_facial_data/raw_facial/fer2013/train/surprise/Training_51592349.jpg
train_surprise_0003,surprise,5,train,True,multimodal_facial_data/processed_facial/fer_2013_train_surprise_0003.jpg,multimodal_facial_data/raw_facial/fer2013/train/surprise/Training_77413845.jpg
train_surprise_0004,surprise,5,train,False,multimodal_facial_data/processed_facial/fer_2013_train_surprise_0004.jpg,multimodal_facial_data/raw_facial/fer2013/train/surprise/Training_23535021.jpg
train_surprise_0005,surprise,5,train,True,multimodal_facial_data/processed_facial/fer_2013_train_surprise_0005.jpg,multimodal_facial_data/raw_facial/fer2013/train/surprise/Training_20153408.jpg
train_surprise_0006,surprise,5,train,True,multimodal_facial_data/processed_facial/fer_2013_train_surprise_0006.jpg,multimodal_facial_data/raw_facial/fer2013/train/surprise/Training_99399823.jpg
train_surprise_0007,surprise,5,train,True,multimodal_facial_data/processed_facial/fer_2013_train_surprise_0007.jpg,multimodal_facial_data/raw_facial/fer2013/train/surprise/Training_25866906.jpg
train_surprise_0008,surprise,5,train,True,multimodal_facial_data/processed_facial/fer_2013_train_surprise_0008.jpg,multimodal_facial_data/raw_facial/fer2013/train/surprise/Training_12664104.jpg
train_surprise_0009,surprise,5,train,True,multimodal_facial_data/processed_facial/fer_2013_train_surprise_0009.jpg,multimodal_facial_data/raw_facial/fer2013/train/surprise/Training_63684516.jpg
train_surprise_0010,surprise,5,train,True,multimodal_facial_data/processed_facial/fer_2013_train_surprise_0010.jpg,multimodal_facial_data/raw_facial/fer2013/train/surprise/Training_44786113.jpg
train_surprise_0011,surprise,5,train,True,multimodal_facial_data/processed_facial/fer_2013_train_surprise_0011.jpg,multimodal_facial_data/raw_facial/fer2013/train/surprise/Training_15767443.jpg
train_surprise_0012,surprise,5,train,True,multimodal_facial_data/processed_facial/fer_2013_train_surprise_0012.jpg,multimodal_facial_data/raw_facial/fer2013/train/surprise/Training_24774726.jpg
train_surprise_0013,surprise,5,train,True,multimodal_facial_data/processed_facial/fer_2013_train_surprise_0013.jpg,multimodal_facial_data/raw_facial/fer2013/train/surprise/Training_36386200.jpg
train_surprise_0014,surprise,5,train,True,multimodal_facial_data/processed_facial/fer_2013_train_surprise_0014.jpg,multimodal_facial_data/raw_facial/fer2013/train/surprise/Training_82545725.jpg
train_surprise_0015,surprise,5,train,True,multimodal_facial_data/processed_facial/fer_2013_train_surprise_0015.jpg,multimodal_facial_data/raw_facial/fer2013/train/surprise/Training_23417454.jpg
train_surprise_0016,surprise,5,train,True,multimodal_facial_data/processed_facial/fer_2013_train_surprise_0016.jpg,multimodal_facial_data/raw_facial/fer2013/train/surprise/Training_44188093.jpg
train_surprise_0017,surprise,5,train,True,multimodal_facial_data/processed_facial/fer_2013_train_surprise_0017.jpg,multimodal_facial_data/raw_facial/fer2013/train/surprise/Training_70194333.jpg
train_surprise_0018,surprise,5,train,True,multimodal_facial_data/processed_facial/fer_2013_train_surprise_0018.jpg,multimodal_facial_data/raw_facial/fer2013/train/surprise/Training_52418359.jpg
train_surprise_0019,surprise,5,train,True,multimodal_facial_data/processed_facial/fer_2013_train_surprise_0019.jpg,multimodal_facial_data/raw_facial/fer2013/train/surprise/Training_73034019.jpg
train_surprise_0020,surprise,5,train,True,multimodal_facial_data/processed_facial/fer_2013_train_surprise_0020.jpg,multimodal_facial_data/raw_facial/fer2013/train/surprise/Training_33505422.jpg
train_surprise_0021,surprise,5,train,True,multimodal_facial_data/processed_facial/fer_2013_train_surprise_0021.jpg,multimodal_facial_data/raw_facial/fer2013/train/surprise/Training_15934906.jpg
train_surprise_0022,surprise,5,train,True,multimodal_facial_data/processed_facial/fer_2013_train_surprise_0022.jpg,multimodal_facial_data/raw_facial/fer2013/train/surprise/Training_61711598.jpg
train_surprise_0023,surprise,5,train,True,multimodal_facial_data/processed_facial/fer_2013_train_surprise_0023.jpg,multimodal_facial_data/raw_facial/fer2013/train/surprise/Training_5692681.jpg
train_surprise_0024,surprise,5,train,True,multimodal_facial_data/processed_facial/fer_2013_train_surprise_0024.jpg,multimodal_facial_data/raw_facial/fer2013/train/surprise/Training_33864091.jpg
train_surprise_0025,surprise,5,train,False,multimodal_facial_data/processed_facial/fer_2013_train_surprise_0025.jpg,multimodal_facial_data/raw_facial/fer2013/train/surprise/Training_76474885.jpg
train_surprise_0026,surprise,5,train,True,multimodal_facial_data/processed_facial/fer_2013_train_surprise_0026.jpg,multimodal_facial_data/raw_facial/fer2013/train/surprise/Training_32053429.jpg
train_surprise_0027,surprise,5,train,True,multimodal_facial_data/processed_facial/fer_2013_train_surprise_0027.jpg,multimodal_facial_data/raw_facial/fer2013/train/surprise/Training_95558533.jpg
train_surprise_0028,surprise,5,train,True,multimodal_facial_data/processed_facial/fer_2013_train_surprise_0028.jpg,multimodal_facial_data/raw_facial/fer2013/train/surprise/Training_27651196.jpg
train_surprise_0029,surprise,5,train,True,multimodal_facial_data/processed_facial/fer_2013_train_surprise_0029.jpg,multimodal_facial_data/raw_facial/fer2013/train/surprise/Training_58915379.jpg
train_surprise_0030,surprise,5,train,True,multimodal_facial_data/processed_facial/fer_2013_train_surprise_0030.jpg,multimodal_facial_data/raw_facial/fer2013/train/surprise/Training_32399885.jpg
train_surprise_0031,surprise,5,train,True,multimodal_facial_data/processed_facial/fer_2013_train_surprise_0031.jpg,multimodal_facial_data/raw_facial/fer2013/train/surprise/Training_32225696.jpg
train_surprise_0032,surprise,5,train,True,multimodal_facial_data/processed_facial/fer_2013_train_surprise_0032.jpg,multimodal_facial_data/raw_facial/fer2013/train/surprise/Training_34889310.jpg
train_surprise_0033,surprise,5,train,True,multimodal_facial_data/processed_facial/fer_2013_train_surprise_0033.jpg,multimodal_facial_data/raw_facial/fer2013/train/surprise/Training_5760201.jpg
train_surprise_0034,surprise,5,train,True,multimodal_facial_data/processed_facial/fer_2013_train_surprise_0034.jpg,multimodal_facial_data/raw_facial/fer2013/train/surprise/Training_4780479.jpg
train_surprise_0035,surprise,5,train,True,multimodal_facial_data/processed_facial/fer_2013_train_surprise_0035.jpg,multimodal_facial_data/raw_facial/fer2013/train/surprise/Training_67571165.jpg
train_surprise_0036,surprise,5,train,True,multimodal_facial_data/processed_facial/fer_2013_train_surprise_0036.jpg,multimodal_facial_data/raw_facial/fer2013/train/surprise/Training_92701859.jpg
train_surprise_0037,surprise,5,train,True,multimodal_facial_data/processed_facial/fer_2013_train_surprise_0037.jpg,multimodal_facial_data/raw_facial/fer2013/train/surprise/Training_99318660.jpg
train_surprise_0038,surprise,5,train,True,multimodal_facial_data/processed_facial/fer_2013_train_surprise_0038.jpg,multimodal_facial_data/raw_facial/fer2013/train/surprise/Training_91250754.jpg
train_surprise_0039,surprise,5,train,False,multimodal_facial_data/processed_facial/fer_2013_train_surprise_0039.jpg,multimodal_facial_data/raw_facial/fer2013/train/surprise/Training_40940475.jpg
train_surprise_0040,surprise,5,train,True,multimodal_facial_data/processed_facial/fer_2013_train_surprise_0040.jpg,multimodal_facial_data/raw_facial/fer2013/train/surprise/Training_45491312.jpg
train_surprise_0041,surprise,5,train,True,multimodal_facial_data/processed_facial/fer_2013_train_surprise_0041.jpg,multimodal_facial_data/raw_facial/fer2013/train/surprise/Training_34788921.jpg
train_surprise_0042,surprise,5,train,True,multimodal_facial_data/processed_facial/fer_2013_train_surprise_0042.jpg,multimodal_facial_data/raw_facial/fer2013/train/surprise/Training_89739298.jpg
train_surprise_0043,surprise,5,train,True,multimodal_facial_data/processed_facial/fer_2013_train_surprise_0043.jpg,multimodal_facial_data/raw_facial/fer2013/train/surprise/Training_87799855.jpg
train_surprise_0044,surprise,5,train,True,multimodal_facial_data/processed_facial/fer_2013_train_surprise_0044.jpg,multimodal_facial_data/raw_facial/fer2013/train/surprise/Training_6825582.jpg
train_surprise_0045,surprise,5,train,True,multimodal_facial_data/processed_facial/fer_2013_train_surprise_0045.jpg,multimodal_facial_data/raw_facial/fer2013/train/surprise/Training_66394325.jpg
train_surprise_0046,surprise,5,train,True,multimodal_facial_data/processed_facial/fer_2013_train_surprise_0046.jpg,multimodal_facial_data/raw_facial/fer2013/train/surprise/Training_45480929.jpg
train_surprise_0047,surprise,5,train,True,multimodal_facial_data/processed_facial/fer_2013_train_surprise_0047.jpg,multimodal_facial_data/raw_facial/fer2013/train/surprise/Training_32206144.jpg
train_surprise_0048,surprise,5,train,True,multimodal_facial_data/processed_facial/fer_2013_train_surprise_0048.jpg,multimodal_facial_data/raw_facial/fer2013/train/surprise/Training_21367581.jpg
train_surprise_0049,surprise,5,train,True,multimodal_facial_data/processed_facial/fer_2013_train_surprise_0049.jpg,multimodal_facial_data/raw_facial/fer2013/train/surprise/Training_26120442.jpg
train_surprise_0050,surprise,5,train,True,multimodal_facial_data/processed_facial/fer_2013_train_surprise_0050.jpg,multimodal_facial_data/raw_facial/fer2013/train/surprise/Training_44876585.jpg
train_surprise_0051,surprise,5,train,True,multimodal_facial_data/processed_facial/fer_2013_train_surprise_0051.jpg,multimodal_facial_data/raw_facial/fer2013/train/surprise/Training_3484168.jpg
train_surprise_0052,surprise,5,train,True,multimodal_facial_data/processed_facial/fer_2013_train_surprise_0052.jpg,multimodal_facial_data/raw_facial/fer2013/train/surprise/Training_60509346.jpg
train_surprise_0053,surprise,5,train,False,multimodal_facial_data/processed_facial/fer_2013_train_surprise_0053.jpg,multimodal_facial_data/raw_facial/fer2013/train/surprise/Training_71645335.jpg
train_surprise_0054,surprise,5,train,True,multimodal_facial_data/processed_facial/fer_2013_train_surprise_0054.jpg,multimodal_facial_data/raw_facial/fer2013/train/surprise/Training_58189498.jpg
train_surprise_0055,surprise,5,train,True,multimodal_facial_data/processed_facial/fer_2013_train_surprise_0055.jpg,multimodal_facial_data/raw_facial/fer2013/train/surprise/Training_97615083.jpg
train_surprise_0056,surprise,5,train,False,multimodal_facial_data/processed_facial/fer_2013_train_surprise_0056.jpg,multimodal_facial_data/raw_facial/fer2013/train/surprise/Training_52818023.jpg
train_surprise_0057,surprise,5,train,True,multimodal_facial_data/processed_facial/fer_2013_train_surprise_0057.jpg,multimodal_facial_data/raw_facial/fer2013/train/surprise/Training_62687466.jpg
train_surprise_0058,surprise,5,train,True,multimodal_facial_data/processed_facial/fer_2013_train_surprise_0058.jpg,multimodal_facial_data/raw_facial/fer2013/train/surprise/Training_64798486.jpg
train_surprise_0059,surprise,5,train,False,multimodal_facial_data/processed_facial/fer_2013_train_surprise_0059.jpg,multimodal_facial_data/raw_facial/fer2013/train/surprise/Training_92532325.jpg
train_surprise_0060,surprise,5,train,True,multimodal_facial_data/processed_facial/fer_2013_train_surprise_0060.jpg,multimodal_facial_data/raw_facial/fer2013/train/surprise/Training_58802004.jpg
train_surprise_0061,surprise,5,train,True,multimodal_facial_data/processed_facial/fer_2013_train_surprise_0061.jpg,multimodal_facial_data/raw_facial/fer2013/train/surprise/Training_9059249.jpg
train_surprise_0062,surprise,5,train,True,multimodal_facial_data/processed_facial/fer_2013_train_surprise_0062.jpg,multimodal_facial_data/raw_facial/fer2013/train/surprise/Training_98192978.jpg
train_surprise_0063,surprise,5,train,True,multimodal_facial_data/processed_facial/fer_2013_train_surprise_0063.jpg,multimodal_facial_data/raw_facial/fer2013/train/surprise/Training_98241018.jpg
train_surprise_0064,surprise,5,train,True,multimodal_facial_data/processed_facial/fer_2013_train_surprise_0064.jpg,multimodal_facial_data/raw_facial/fer2013/train/surprise/Training_29088753.jpg
train_surprise_0065,surprise,5,train,True,multimodal_facial_data/processed_facial/fer_2013_train_surprise_0065.jpg,multimodal_facial_data/raw_facial/fer2013/train/surprise/Training_36483087.jpg
train_surprise_0066,surprise,5,train,True,multimodal_facial_data/processed_facial/fer_2013_train_surprise_0066.jpg,multimodal_facial_data/raw_facial/fer2013/train/surprise/Training_72175686.jpg
train_surprise_0067,surprise,5,train,True,multimodal_facial_data/processed_facial/fer_2013_train_surprise_0067.jpg,multimodal_facial_data/raw_facial/fer2013/train/surprise/Training_14826573.jpg
train_surprise_0068,surprise,5,train,True,multimodal_facial_data/processed_facial/fer_2013_train_surprise_0068.jpg,multimodal_facial_data/raw_facial/fer2013/train/surprise/Training_14837097.jpg
train_surprise_0069,surprise,5,train,True,multimodal_facial_data/processed_facial/fer_2013_train_surprise_0069.jpg,multimodal_facial_data/raw_facial/fer2013/train/surprise/Training_30122735.jpg
train_surprise_0070,surprise,5,train,True,multimodal_facial_data/processed_facial/fer_2013_train_surprise_0070.jpg,multimodal_facial_data/raw_facial/fer2013/train/surprise/Training_64766681.jpg
train_surprise_0071,surprise,5,train,True,multimodal_facial_data/processed_facial/fer_2013_train_surprise_0071.jpg,multimodal_facial_data/raw_facial/fer2013/train/surprise/Training_30045015.jpg
train_surprise_0072,surprise,5,train,True,multimodal_facial_data/processed_facial/fer_2013_train_surprise_0072.jpg,multimodal_facial_data/raw_facial/fer2013/train/surprise/Training_8221789.jpg
train_surprise_0073,surprise,5,train,True,multimodal_facial_data/processed_facial/fer_2013_train_surprise_0073.jpg,multimodal_facial_data/raw_facial/fer2013/train/surprise/Training_33389857.jpg
train_surprise_0074,surprise,5,train,True,multimodal_facial_data/processed_facial/fer_2013_train_surprise_0074.jpg,multimodal_facial_data/raw_facial/fer2013/train/surprise/Training_96163000.jpg
train_surprise_0075,surprise,5,train,True,multimodal_facial_data/processed_facial/fer_2013_train_surprise_0075.jpg,multimodal_facial_data/raw_facial/fer2013/train/surprise/Training_75092553.jpg
train_surprise_0076,surprise,5,train,True,multimodal_facial_data/processed_facial/fer_2013_train_surprise_0076.jpg,multimodal_facial_data/raw_facial/fer2013/train/surprise/Training_353184.jpg
train_surprise_0077,surprise,5,train,True,multimodal_facial_data/processed_facial/fer_2013_train_surprise_0077.jpg,multimodal_facial_data/raw_facial/fer2013/train/surprise/Training_54851794.jpg
train_surprise_0078,surprise,5,train,False,multimodal_facial_data/processed_facial/fer_2013_train_surprise_0078.jpg,multimodal_facial_data/raw_facial/fer2013/train/surprise/Training_38300126.jpg
train_surprise_0079,surprise,5,train,True,multimodal_facial_data/processed_facial/fer_2013_train_surprise_0079.jpg,multimodal_facial_data/raw_facial/fer2013/train/surprise/Training_35784640.jpg
train_surprise_0080,surprise,5,train,True,multimodal_facial_data/processed_facial/fer_2013_train_surprise_0080.jpg,multimodal_facial_data/raw_facial/fer2013/train/surprise/Training_36954965.jpg
train_surprise_0081,surprise,5,train,True,multimodal_facial_data/processed_facial/fer_2013_train_surprise_0081.jpg,multimodal_facial_data/raw_facial/fer2013/train/surprise/Training_33146079.jpg
train_surprise_0082,surprise,5,train,True,multimodal_facial_data/processed_facial/fer_2013_train_surprise_0082.jpg,multimodal_facial_data/raw_facial/fer2013/train/surprise/Training_45302594.jpg
train_surprise_0083,surprise,5,train,True,multimodal_facial_data/processed_facial/fer_2013_train_surprise_0083.jpg,multimodal_facial_data/raw_facial/fer2013/train/surprise/Training_76745033.jpg
train_surprise_0084,surprise,5,train,True,multimodal_facial_data/processed_facial/fer_2013_train_surprise_0084.jpg,multimodal_facial_data/raw_facial/fer2013/train/surprise/Training_30800492.jpg
train_surprise_0085,surprise,5,train,True,multimodal_facial_data/processed_facial/fer_2013_train_surprise_0085.jpg,multimodal_facial_data/raw_facial/fer2013/train/surprise/Training_69945071.jpg
train_surprise_0086,surprise,5,train,True,multimodal_facial_data/processed_facial/fer_2013_train_surprise_0086.jpg,multimodal_facial_data/raw_facial/fer2013/train/surprise/Training_78469447.jpg
train_surprise_0087,surprise,5,train,True,multimodal_facial_data/processed_facial/fer_2013_train_surprise_0087.jpg,multimodal_facial_data/raw_facial/fer2013/train/surprise/Training_44905175.jpg
train_surprise_0088,surprise,5,train,True,multimodal_facial_data/processed_facial/fer_2013_train_surprise_0088.jpg,multimodal_facial_data/raw_facial/fer2013/train/surprise/Training_76002483.jpg
train_surprise_0089,surprise,5,train,True,multimodal_facial_data/processed_facial/fer_2013_train_surprise_0089.jpg,multimodal_facial_data/raw_facial/fer2013/train/surprise/Training_69891198.jpg
train_surprise_0090,surprise,5,train,True,multimodal_facial_data/processed_facial/fer_2013_train_surprise_0090.jpg,multimodal_facial_data/raw_facial/fer2013/train/surprise/Training_24789191.jpg
train_surprise_0091,surprise,5,train,False,multimodal_facial_data/processed_facial/fer_2013_train_surprise_0091.jpg,multimodal_facial_data/raw_facial/fer2013/train/surprise/Training_17864264.jpg
train_surprise_0092,surprise,5,train,True,multimodal_facial_data/processed_facial/fer_2013_train_surprise_0092.jpg,multimodal_facial_data/raw_facial/fer2013/train/surprise/Training_73083745.jpg
train_surprise_0093,surprise,5,train,True,multimodal_facial_data/processed_facial/fer_2013_train_surprise_0093.jpg,multimodal_facial_data/raw_facial/fer2013/train/surprise/Training_45867116.jpg
train_surprise_0094,surprise,5,train,True,multimodal_facial_data/processed_facial/fer_2013_train_surprise_0094.jpg,multimodal_facial_data/raw_facial/fer2013/train/surprise/Training_93474212.jpg
train_surprise_0095,surprise,5,train,True,multimodal_facial_data/processed_facial/fer_2013_train_surprise_0095.jpg,multimodal_facial_data/raw_facial/fer2013/train/surprise/Training_23655687.jpg
train_surprise_0096,surprise,5,train,True,multimodal_facial_data/processed_facial/fer_2013_train_surprise_0096.jpg,multimodal_facial_data/raw_facial/fer2013/train/surprise/Training_68497011.jpg
train_surprise_0097,surprise,5,train,True,multimodal_facial_data/processed_facial/fer_2013_train_surprise_0097.jpg,multimodal_facial_data/raw_facial/fer2013/train/surprise/Training_76124294.jpg
train_surprise_0098,surprise,5,train,True,multimodal_facial_data/processed_facial/fer_2013_train_surprise_0098.jpg,multimodal_facial_data/raw_facial/fer2013/train/surprise/Training_85188989.jpg
train_surprise_0099,surprise,5,train,True,multimodal_facial_data/processed_facial/fer_2013_train_surprise_0099.jpg,multimodal_facial_data/raw_facial/fer2013/train/surprise/Training_40781826.jpg
train_neutral_0000,neutral,6,train,False,multimodal_facial_data/processed_facial/fer_2013_train_neutral_0000.jpg,multimodal_facial_data/raw_facial/fer2013/train/neutral/Training_63336204.jpg
train_neutral_0001,neutral,6,train,True,multimodal_facial_data/processed_facial/fer_2013_train_neutral_0001.jpg,multimodal_facial_data/raw_facial/fer2013/train/neutral/Training_76904944.jpg
train_neutral_0002,neutral,6,train,True,multimodal_facial_data/processed_facial/fer_2013_train_neutral_0002.jpg,multimodal_facial_data/raw_facial/fer2013/train/neutral/Training_32453389.jpg
train_neutral_0003,neutral,6,train,True,multimodal_facial_data/processed_facial/fer_2013_train_neutral_0003.jpg,multimodal_facial_data/raw_facial/fer2013/train/neutral/Training_22851386.jpg
train_neutral_0004,neutral,6,train,True,multimodal_facial_data/processed_facial/fer_2013_train_neutral_0004.jpg,multimodal_facial_data/raw_facial/fer2013/train/neutral/Training_95010960.jpg
train_neutral_0005,neutral,6,train,True,multimodal_facial_data/processed_facial/fer_2013_train_neutral_0005.jpg,multimodal_facial_data/raw_facial/fer2013/train/neutral/Training_953524.jpg
train_neutral_0006,neutral,6,train,True,multimodal_facial_data/processed_facial/fer_2013_train_neutral_0006.jpg,multimodal_facial_data/raw_facial/fer2013/train/neutral/Training_18687091.jpg
train_neutral_0007,neutral,6,train,True,multimodal_facial_data/processed_facial/fer_2013_train_neutral_0007.jpg,multimodal_facial_data/raw_facial/fer2013/train/neutral/Training_616594.jpg
train_neutral_0008,neutral,6,train,True,multimodal_facial_data/processed_facial/fer_2013_train_neutral_0008.jpg,multimodal_facial_data/raw_facial/fer2013/train/neutral/Training_55290183.jpg
train_neutral_0009,neutral,6,train,True,multimodal_facial_data/processed_facial/fer_2013_train_neutral_0009.jpg,multimodal_facial_data/raw_facial/fer2013/train/neutral/Training_83615243.jpg
train_neutral_0010,neutral,6,train,True,multimodal_facial_data/processed_facial/fer_2013_train_neutral_0010.jpg,multimodal_facial_data/raw_facial/fer2013/train/neutral/Training_13296188.jpg
train_neutral_0011,neutral,6,train,True,multimodal_facial_data/processed_facial/fer_2013_train_neutral_0011.jpg,multimodal_facial_data/raw_facial/fer2013/train/neutral/Training_95070303.jpg
train_neutral_0012,neutral,6,train,True,multimodal_facial_data/processed_facial/fer_2013_train_neutral_0012.jpg,multimodal_facial_data/raw_facial/fer2013/train/neutral/Training_7991668.jpg
train_neutral_0013,neutral,6,train,True,multimodal_facial_data/processed_facial/fer_2013_train_neutral_0013.jpg,multimodal_facial_data/raw_facial/fer2013/train/neutral/Training_6255436.jpg
train_neutral_0014,neutral,6,train,True,multimodal_facial_data/processed_facial/fer_2013_train_neutral_0014.jpg,multimodal_facial_data/raw_facial/fer2013/train/neutral/Training_76808814.jpg
train_neutral_0015,neutral,6,train,True,multimodal_facial_data/processed_facial/fer_2013_train_neutral_0015.jpg,multimodal_facial_data/raw_facial/fer2013/train/neutral/Training_6315722.jpg
train_neutral_0016,neutral,6,train,True,multimodal_facial_data/processed_facial/fer_2013_train_neutral_0016.jpg,multimodal_facial_data/raw_facial/fer2013/train/neutral/Training_89992777.jpg
train_neutral_0017,neutral,6,train,True,multimodal_facial_data/processed_facial/fer_2013_train_neutral_0017.jpg,multimodal_facial_data/raw_facial/fer2013/train/neutral/Training_19410664.jpg
train_neutral_0018,neutral,6,train,True,multimodal_facial_data/processed_facial/fer_2013_train_neutral_0018.jpg,multimodal_facial_data/raw_facial/fer2013/train/neutral/Training_91934362.jpg
train_neutral_0019,neutral,6,train,True,multimodal_facial_data/processed_facial/fer_2013_train_neutral_0019.jpg,multimodal_facial_data/raw_facial/fer2013/train/neutral/Training_53546653.jpg
train_neutral_0020,neutral,6,train,False,multimodal_facial_data/processed_facial/fer_2013_train_neutral_0020.jpg,multimodal_facial_data/raw_facial/fer2013/train/neutral/Training_43562723.jpg
train_neutral_0021,neutral,6,train,True,multimodal_facial_data/processed_facial/fer_2013_train_neutral_0021.jpg,multimodal_facial_data/raw_facial/fer2013/train/neutral/Training_54884993.jpg
train_neutral_0022,neutral,6,train,True,multimodal_facial_data/processed_facial/fer_2013_train_neutral_0022.jpg,multimodal_facial_data/raw_facial/fer2013/train/neutral/Training_17767061.jpg
train_neutral_0023,neutral,6,train,True,multimodal_facial_data/processed_facial/fer_2013_train_neutral_0023.jpg,multimodal_facial_data/raw_facial/fer2013/train/neutral/Training_65857114.jpg
train_neutral_0024,neutral,6,train,True,multimodal_facial_data/processed_facial/fer_2013_train_neutral_0024.jpg,multimodal_facial_data/raw_facial/fer2013/train/neutral/Training_1615201.jpg
train_neutral_0025,neutral,6,train,True,multimodal_facial_data/processed_facial/fer_2013_train_neutral_0025.jpg,multimodal_facial_data/raw_facial/fer2013/train/neutral/Training_69194187.jpg
train_neutral_0026,neutral,6,train,True,multimodal_facial_data/processed_facial/fer_2013_train_neutral_0026.jpg,multimodal_facial_data/raw_facial/fer2013/train/neutral/Training_55798495.jpg
train_neutral_0027,neutral,6,train,True,multimodal_facial_data/processed_facial/fer_2013_train_neutral_0027.jpg,multimodal_facial_data/raw_facial/fer2013/train/neutral/Training_63359167.jpg
train_neutral_0028,neutral,6,train,True,multimodal_facial_data/processed_facial/fer_2013_train_neutral_0028.jpg,multimodal_facial_data/raw_facial/fer2013/train/neutral/Training_24084455.jpg
train_neutral_0029,neutral,6,train,True,multimodal_facial_data/processed_facial/fer_2013_train_neutral_0029.jpg,multimodal_facial_data/raw_facial/fer2013/train/neutral/Training_2986188.jpg
train_neutral_0030,neutral,6,train,True,multimodal_facial_data/processed_facial/fer_2013_train_neutral_0030.jpg,multimodal_facial_data/raw_facial/fer2013/train/neutral/Training_13311993.jpg
train_neutral_0031,neutral,6,train,True,multimodal_facial_data/processed_facial/fer_2013_train_neutral_0031.jpg,multimodal_facial_data/raw_facial/fer2013/train/neutral/Training_69465382.jpg
train_neutral_0032,neutral,6,train,True,multimodal_facial_data/processed_facial/fer_2013_train_neutral_0032.jpg,multimodal_facial_data/raw_facial/fer2013/train/neutral/Training_28953960.jpg
train_neutral_0033,neutral,6,train,True,multimodal_facial_data/processed_facial/fer_2013_train_neutral_0033.jpg,multimodal_facial_data/raw_facial/fer2013/train/neutral/Training_19104334.jpg
train_neutral_0034,neutral,6,train,True,multimodal_facial_data/processed_facial/fer_2013_train_neutral_0034.jpg,multimodal_facial_data/raw_facial/fer2013/train/neutral/Training_1774834.jpg
train_neutral_0035,neutral,6,train,True,multimodal_facial_data/processed_facial/fer_2013_train_neutral_0035.jpg,multimodal_facial_data/raw_facial/fer2013/train/neutral/Training_40113605.jpg
train_neutral_0036,neutral,6,train,True,multimodal_facial_data/processed_facial/fer_2013_train_neutral_0036.jpg,multimodal_facial_data/raw_facial/fer2013/train/neutral/Training_89645978.jpg
train_neutral_0037,neutral,6,train,True,multimodal_facial_data/processed_facial/fer_2013_train_neutral_0037.jpg,multimodal_facial_data/raw_facial/fer2013/train/neutral/Training_77126794.jpg
train_neutral_0038,neutral,6,train,True,multimodal_facial_data/processed_facial/fer_2013_train_neutral_0038.jpg,multimodal_facial_data/raw_facial/fer2013/train/neutral/Training_56347909.jpg
train_neutral_0039,neutral,6,train,True,multimodal_facial_data/processed_facial/fer_2013_train_neutral_0039.jpg,multimodal_facial_data/raw_facial/fer2013/train/neutral/Training_39485438.jpg
train_neutral_0040,neutral,6,train,True,multimodal_facial_data/processed_facial/fer_2013_train_neutral_0040.jpg,multimodal_facial_data/raw_facial/fer2013/train/neutral/Training_74882504.jpg
train_neutral_0041,neutral,6,train,False,multimodal_facial_data/processed_facial/fer_2013_train_neutral_0041.jpg,multimodal_facial_data/raw_facial/fer2013/train/neutral/Training_42279539.jpg
train_neutral_0042,neutral,6,train,True,multimodal_facial_data/processed_facial/fer_2013_train_neutral_0042.jpg,multimodal_facial_data/raw_facial/fer2013/train/neutral/Training_96596559.jpg
train_neutral_0043,neutral,6,train,True,multimodal_facial_data/processed_facial/fer_2013_train_neutral_0043.jpg,multimodal_facial_data/raw_facial/fer2013/train/neutral/Training_10486039.jpg
train_neutral_0044,neutral,6,train,True,multimodal_facial_data/processed_facial/fer_2013_train_neutral_0044.jpg,multimodal_facial_data/raw_facial/fer2013/train/neutral/Training_84957673.jpg
train_neutral_0045,neutral,6,train,True,multimodal_facial_data/processed_facial/fer_2013_train_neutral_0045.jpg,multimodal_facial_data/raw_facial/fer2013/train/neutral/Training_70625850.jpg
train_neutral_0046,neutral,6,train,True,multimodal_facial_data/processed_facial/fer_2013_train_neutral_0046.jpg,multimodal_facial_data/raw_facial/fer2013/train/neutral/Training_34882361.jpg
train_neutral_0047,neutral,6,train,True,multimodal_facial_data/processed_facial/fer_2013_train_neutral_0047.jpg,multimodal_facial_data/raw_facial/fer2013/train/neutral/Training_95157473.jpg
train_neutral_0048,neutral,6,train,True,multimodal_facial_data/processed_facial/fer_2013_train_neutral_0048.jpg,multimodal_facial_data/raw_facial/fer2013/train/neutral/Training_7044211.jpg
train_neutral_0049,neutral,6,train,True,multimodal_facial_data/processed_facial/fer_2013_train_neutral_0049.jpg,multimodal_facial_data/raw_facial/fer2013/train/neutral/Training_48774492.jpg
train_neutral_0050,neutral,6,train,True,multimodal_facial_data/processed_facial/fer_2013_train_neutral_0050.jpg,multimodal_facial_data/raw_facial/fer2013/train/neutral/Training_77054988.jpg
train_neutral_0051,neutral,6,train,True,multimodal_facial_data/processed_facial/fer_2013_train_neutral_0051.jpg,multimodal_facial_data/raw_facial/fer2013/train/neutral/Training_44026779.jpg
train_neutral_0052,neutral,6,train,True,multimodal_facial_data/processed_facial/fer_2013_train_neutral_0052.jpg,multimodal_facial_data/raw_facial/fer2013/train/neutral/Training_40300881.jpg
train_neutral_0053,neutral,6,train,True,multimodal_facial_data/processed_facial/fer_2013_train_neutral_0053.jpg,multimodal_facial_data/raw_facial/fer2013/train/neutral/Training_68926151.jpg
train_neutral_0054,neutral,6,train,True,multimodal_facial_data/processed_facial/fer_2013_train_neutral_0054.jpg,multimodal_facial_data/raw_facial/fer2013/train/neutral/Training_82952803.jpg
train_neutral_0055,neutral,6,train,True,multimodal_facial_data/processed_facial/fer_2013_train_neutral_0055.jpg,multimodal_facial_data/raw_facial/fer2013/train/neutral/Training_2670032.jpg
train_neutral_0056,neutral,6,train,True,multimodal_facial_data/processed_facial/fer_2013_train_neutral_0056.jpg,multimodal_facial_data/raw_facial/fer2013/train/neutral/Training_48763607.jpg
train_neutral_0057,neutral,6,train,True,multimodal_facial_data/processed_facial/fer_2013_train_neutral_0057.jpg,multimodal_facial_data/raw_facial/fer2013/train/neutral/Training_37246475.jpg
train_neutral_0058,neutral,6,train,True,multimodal_facial_data/processed_facial/fer_2013_train_neutral_0058.jpg,multimodal_facial_data/raw_facial/fer2013/train/neutral/Training_55486915.jpg
train_neutral_0059,neutral,6,train,True,multimodal_facial_data/processed_facial/fer_2013_train_neutral_0059.jpg,multimodal_facial_data/raw_facial/fer2013/train/neutral/Training_36204082.jpg
train_neutral_0060,neutral,6,train,True,multimodal_facial_data/processed_facial/fer_2013_train_neutral_0060.jpg,multimodal_facial_data/raw_facial/fer2013/train/neutral/Training_34840603.jpg
train_neutral_0061,neutral,6,train,True,multimodal_facial_data/processed_facial/fer_2013_train_neutral_0061.jpg,multimodal_facial_data/raw_facial/fer2013/train/neutral/Training_949081.jpg
train_neutral_0062,neutral,6,train,True,multimodal_facial_data/processed_facial/fer_2013_train_neutral_0062.jpg,multimodal_facial_data/raw_facial/fer2013/train/neutral/Training_84237227.jpg
train_neutral_0063,neutral,6,train,True,multimodal_facial_data/processed_facial/fer_2013_train_neutral_0063.jpg,multimodal_facial_data/raw_facial/fer2013/train/neutral/Training_48883770.jpg
train_neutral_0064,neutral,6,train,True,multimodal_facial_data/processed_facial/fer_2013_train_neutral_0064.jpg,multimodal_facial_data/raw_facial/fer2013/train/neutral/Training_1047878.jpg
train_neutral_0065,neutral,6,train,True,multimodal_facial_data/processed_facial/fer_2013_train_neutral_0065.jpg,multimodal_facial_data/raw_facial/fer2013/train/neutral/Training_65754899.jpg
train_neutral_0066,neutral,6,train,True,multimodal_facial_data/processed_facial/fer_2013_train_neutral_0066.jpg,multimodal_facial_data/raw_facial/fer2013/train/neutral/Training_47859581.jpg
train_neutral_0067,neutral,6,train,True,multimodal_facial_data/processed_facial/fer_2013_train_neutral_0067.jpg,multimodal_facial_data/raw_facial/fer2013/train/neutral/Training_67475621.jpg
train_neutral_0068,neutral,6,train,True,multimodal_facial_data/processed_facial/fer_2013_train_neutral_0068.jpg,multimodal_facial_data/raw_facial/fer2013/train/neutral/Training_78787380.jpg
train_neutral_0069,neutral,6,train,True,multimodal_facial_data/processed_facial/fer_2013_train_neutral_0069.jpg,multimodal_facial_data/raw_facial/fer2013/train/neutral/Training_13286246.jpg
train_neutral_0070,neutral,6,train,True,multimodal_facial_data/processed_facial/fer_2013_train_neutral_0070.jpg,multimodal_facial_data/raw_facial/fer2013/train/neutral/Training_97345253.jpg
train_neutral_0071,neutral,6,train,True,multimodal_facial_data/processed_facial/fer_2013_train_neutral_0071.jpg,multimodal_facial_data/raw_facial/fer2013/train/neutral/Training_69689655.jpg
train_neutral_0072,neutral,6,train,True,multimodal_facial_data/processed_facial/fer_2013_train_neutral_0072.jpg,multimodal_facial_data/raw_facial/fer2013/train/neutral/Training_62728621.jpg
train_neutral_0073,neutral,6,train,True,multimodal_facial_data/processed_facial/fer_2013_train_neutral_0073.jpg,multimodal_facial_data/raw_facial/fer2013/train/neutral/Training_49236185.jpg
train_neutral_0074,neutral,6,train,True,multimodal_facial_data/processed_facial/fer_2013_train_neutral_0074.jpg,multimodal_facial_data/raw_facial/fer2013/train/neutral/Training_8233706.jpg
train_neutral_0075,neutral,6,train,True,multimodal_facial_data/processed_facial/fer_2013_train_neutral_0075.jpg,multimodal_facial_data/raw_facial/fer2013/train/neutral/Training_86569390.jpg
train_neutral_0076,neutral,6,train,True,multimodal_facial_data/processed_facial/fer_2013_train_neutral_0076.jpg,multimodal_facial_data/raw_facial/fer2013/train/neutral/Training_89424027.jpg
train_neutral_0077,neutral,6,train,True,multimodal_facial_data/processed_facial/fer_2013_train_neutral_0077.jpg,multimodal_facial_data/raw_facial/fer2013/train/neutral/Training_79020100.jpg
train_neutral_0078,neutral,6,train,True,multimodal_facial_data/processed_facial/fer_2013_train_neutral_0078.jpg,multimodal_facial_data/raw_facial/fer2013/train/neutral/Training_98958507.jpg
train_neutral_0079,neutral,6,train,True,multimodal_facial_data/processed_facial/fer_2013_train_neutral_0079.jpg,multimodal_facial_data/raw_facial/fer2013/train/neutral/Training_45058300.jpg
train_neutral_0080,neutral,6,train,True,multimodal_facial_data/processed_facial/fer_2013_train_neutral_0080.jpg,multimodal_facial_data/raw_facial/fer2013/train/neutral/Training_11948726.jpg
train_neutral_0081,neutral,6,train,True,multimodal_facial_data/processed_facial/fer_2013_train_neutral_0081.jpg,multimodal_facial_data/raw_facial/fer2013/train/neutral/Training_93956231.jpg
train_neutral_0082,neutral,6,train,True,multimodal_facial_data/processed_facial/fer_2013_train_neutral_0082.jpg,multimodal_facial_data/raw_facial/fer2013/train/neutral/Training_14191468.jpg
train_neutral_0083,neutral,6,train,True,multimodal_facial_data/processed_facial/fer_2013_train_neutral_0083.jpg,multimodal_facial_data/raw_facial/fer2013/train/neutral/Training_50720800.jpg
train_neutral_0084,neutral,6,train,True,multimodal_facial_data/processed_facial/fer_2013_train_neutral_0084.jpg,multimodal_facial_data/raw_facial/fer2013/train/neutral/Training_31285902.jpg
train_neutral_0085,neutral,6,train,True,multimodal_facial_data/processed_facial/fer_2013_train_neutral_0085.jpg,multimodal_facial_data/raw_facial/fer2013/train/neutral/Training_8760580.jpg
train_neutral_0086,neutral,6,train,False,multimodal_facial_data/processed_facial/fer_2013_train_neutral_0086.jpg,multimodal_facial_data/raw_facial/fer2013/train/neutral/Training_72379362.jpg
train_neutral_0087,neutral,6,train,True,multimodal_facial_data/processed_facial/fer_2013_train_neutral_0087.jpg,multimodal_facial_data/raw_facial/fer2013/train/neutral/Training_51088516.jpg
train_neutral_0088,neutral,6,train,True,multimodal_facial_data/processed_facial/fer_2013_train_neutral_0088.jpg,multimodal_facial_data/raw_facial/fer2013/train/neutral/Training_64560152.jpg
train_neutral_0089,neutral,6,train,True,multimodal_facial_data/processed_facial/fer_2013_train_neutral_0089.jpg,multimodal_facial_data/raw_facial/fer2013/train/neutral/Training_42258323.jpg
train_neutral_0090,neutral,6,train,True,multimodal_facial_data/processed_facial/fer_2013_train_neutral_0090.jpg,multimodal_facial_data/raw_facial/fer2013/train/neutral/Training_13492207.jpg
train_neutral_0091,neutral,6,train,True,multimodal_facial_data/processed_facial/fer_2013_train_neutral_0091.jpg,multimodal_facial_data/raw_facial/fer2013/train/neutral/Training_21632717.jpg
train_neutral_0092,neutral,6,train,True,multimodal_facial_data/processed_facial/fer_2013_train_neutral_0092.jpg,multimodal_facial_data/raw_facial/fer2013/train/neutral/Training_78841049.jpg
train_neutral_0093,neutral,6,train,True,multimodal_facial_data/processed_facial/fer_2013_train_neutral_0093.jpg,multimodal_facial_data/raw_facial/fer2013/train/neutral/Training_42476687.jpg
train_neutral_0094,neutral,6,train,True,multimodal_facial_data/processed_facial/fer_2013_train_neutral_0094.jpg,multimodal_facial_data/raw_facial/fer2013/train/neutral/Training_78860112.jpg
train_neutral_0095,neutral,6,train,True,multimodal_facial_data/processed_facial/fer_2013_train_neutral_0095.jpg,multimodal_facial_data/raw_facial/fer2013/train/neutral/Training_24505581.jpg
train_neutral_0096,neutral,6,train,True,multimodal_facial_data/processed_facial/fer_2013_train_neutral_0096.jpg,multimodal_facial_data/raw_facial/fer2013/train/neutral/Training_54675790.jpg
train_neutral_0097,neutral,6,train,True,multimodal_facial_data/processed_facial/fer_2013_train_neutral_0097.jpg,multimodal_facial_data/raw_facial/fer2013/train/neutral/Training_72057083.jpg
train_neutral_0098,neutral,6,train,True,multimodal_facial_data/processed_facial/fer_2013_train_neutral_0098.jpg,multimodal_facial_data/raw_facial/fer2013/train/neutral/Training_15296826.jpg
train_neutral_0099,neutral,6,train,True,multimodal_facial_data/processed_facial/fer_2013_train_neutral_0099.jpg,multimodal_facial_data/raw_facial/fer2013/train/neutral/Training_86734784.jpg
train_fear_0000,fear,2,train,True,multimodal_facial_data/processed_facial/fer_2013_train_fear_0000.jpg,multimodal_facial_data/raw_facial/fer2013/train/fear/Training_43909880.jpg
train_fear_0001,fear,2,train,False,multimodal_facial_data/processed_facial/fer_2013_train_fear_0001.jpg,multimodal_facial_data/raw_facial/fer2013/train/fear/Training_46727554.jpg
train_fear_0002,fear,2,train,True,multimodal_facial_data/processed_facial/fer_2013_train_fear_0002.jpg,multimodal_facial_data/raw_facial/fer2013/train/fear/Training_83495321.jpg
train_fear_0003,fear,2,train,True,multimodal_facial_data/processed_facial/fer_2013_train_fear_0003.jpg,multimodal_facial_data/raw_facial/fer2013/train/fear/Training_75834122.jpg
train_fear_0004,fear,2,train,True,multimodal_facial_data/processed_facial/fer_2013_train_fear_0004.jpg,multimodal_facial_data/raw_facial/fer2013/train/fear/Training_80180577.jpg
train_fear_0005,fear,2,train,True,multimodal_facial_data/processed_facial/fer_2013_train_fear_0005.jpg,multimodal_facial_data/raw_facial/fer2013/train/fear/Training_60681375.jpg
train_fear_0006,fear,2,train,True,multimodal_facial_data/processed_facial/fer_2013_train_fear_0006.jpg,multimodal_facial_data/raw_facial/fer2013/train/fear/Training_76291570.jpg
train_fear_0007,fear,2,train,True,multimodal_facial_data/processed_facial/fer_2013_train_fear_0007.jpg,multimodal_facial_data/raw_facial/fer2013/train/fear/Training_66039199.jpg
train_fear_0008,fear,2,train,True,multimodal_facial_data/processed_facial/fer_2013_train_fear_0008.jpg,multimodal_facial_data/raw_facial/fer2013/train/fear/Training_28072091.jpg
train_fear_0009,fear,2,train,True,multimodal_facial_data/processed_facial/fer_2013_train_fear_0009.jpg,multimodal_facial_data/raw_facial/fer2013/train/fear/Training_69812475.jpg
train_fear_0010,fear,2,train,True,multimodal_facial_data/processed_facial/fer_2013_train_fear_0010.jpg,multimodal_facial_data/raw_facial/fer2013/train/fear/Training_13472417.jpg
train_fear_0011,fear,2,train,True,multimodal_facial_data/processed_facial/fer_2013_train_fear_0011.jpg,multimodal_facial_data/raw_facial/fer2013/train/fear/Training_85358794.jpg
train_fear_0012,fear,2,train,True,multimodal_facial_data/processed_facial/fer_2013_train_fear_0012.jpg,multimodal_facial_data/raw_facial/fer2013/train/fear/Training_14127407.jpg
train_fear_0013,fear,2,train,True,multimodal_facial_data/processed_facial/fer_2013_train_fear_0013.jpg,multimodal_facial_data/raw_facial/fer2013/train/fear/Training_39625288.jpg
train_fear_0014,fear,2,train,True,multimodal_facial_data/processed_facial/fer_2013_train_fear_0014.jpg,multimodal_facial_data/raw_facial/fer2013/train/fear/Training_55246473.jpg
train_fear_0015,fear,2,train,False,multimodal_facial_data/processed_facial/fer_2013_train_fear_0015.jpg,multimodal_facial_data/raw_facial/fer2013/train/fear/Training_92510823.jpg
train_fear_0016,fear,2,train,True,multimodal_facial_data/processed_facial/fer_2013_train_fear_0016.jpg,multimodal_facial_data/raw_facial/fer2013/train/fear/Training_45432140.jpg
train_fear_0017,fear,2,train,True,multimodal_facial_data/processed_facial/fer_2013_train_fear_0017.jpg,multimodal_facial_data/raw_facial/fer2013/train/fear/Training_43327566.jpg
train_fear_0018,fear,2,train,True,multimodal_facial_data/processed_facial/fer_2013_train_fear_0018.jpg,multimodal_facial_data/raw_facial/fer2013/train/fear/Training_92751133.jpg
train_fear_0019,fear,2,train,True,multimodal_facial_data/processed_facial/fer_2013_train_fear_0019.jpg,multimodal_facial_data/raw_facial/fer2013/train/fear/Training_50084453.jpg
train_fear_0020,fear,2,train,True,multimodal_facial_data/processed_facial/fer_2013_train_fear_0020.jpg,multimodal_facial_data/raw_facial/fer2013/train/fear/Training_87026511.jpg
train_fear_0021,fear,2,train,True,multimodal_facial_data/processed_facial/fer_2013_train_fear_0021.jpg,multimodal_facial_data/raw_facial/fer2013/train/fear/Training_41788244.jpg
train_fear_0022,fear,2,train,False,multimodal_facial_data/processed_facial/fer_2013_train_fear_0022.jpg,multimodal_facial_data/raw_facial/fer2013/train/fear/Training_74054781.jpg
train_fear_0023,fear,2,train,True,multimodal_facial_data/processed_facial/fer_2013_train_fear_0023.jpg,multimodal_facial_data/raw_facial/fer2013/train/fear/Training_10863234.jpg
train_fear_0024,fear,2,train,True,multimodal_facial_data/processed_facial/fer_2013_train_fear_0024.jpg,multimodal_facial_data/raw_facial/fer2013/train/fear/Training_54509332.jpg
train_fear_0025,fear,2,train,True,multimodal_facial_data/processed_facial/fer_2013_train_fear_0025.jpg,multimodal_facial_data/raw_facial/fer2013/train/fear/Training_75392242.jpg
train_fear_0026,fear,2,train,True,multimodal_facial_data/processed_facial/fer_2013_train_fear_0026.jpg,multimodal_facial_data/raw_facial/fer2013/train/fear/Training_95010671.jpg
train_fear_0027,fear,2,train,True,multimodal_facial_data/processed_facial/fer_2013_train_fear_0027.jpg,multimodal_facial_data/raw_facial/fer2013/train/fear/Training_47479976.jpg
train_fear_0028,fear,2,train,True,multimodal_facial_data/processed_facial/fer_2013_train_fear_0028.jpg,multimodal_facial_data/raw_facial/fer2013/train/fear/Training_67564066.jpg
train_fear_0029,fear,2,train,False,multimodal_facial_data/processed_facial/fer_2013_train_fear_0029.jpg,multimodal_facial_data/raw_facial/fer2013/train/fear/Training_70482016.jpg
train_fear_0030,fear,2,train,True,multimodal_facial_data/processed_facial/fer_2013_train_fear_0030.jpg,multimodal_facial_data/raw_facial/fer2013/train/fear/Training_99620119.jpg
train_fear_0031,fear,2,train,True,multimodal_facial_data/processed_facial/fer_2013_train_fear_0031.jpg,multimodal_facial_data/raw_facial/fer2013/train/fear/Training_266022.jpg
train_fear_0032,fear,2,train,True,multimodal_facial_data/processed_facial/fer_2013_train_fear_0032.jpg,multimodal_facial_data/raw_facial/fer2013/train/fear/Training_21589734.jpg
train_fear_0033,fear,2,train,False,multimodal_facial_data/processed_facial/fer_2013_train_fear_0033.jpg,multimodal_facial_data/raw_facial/fer2013/train/fear/Training_69352812.jpg
train_fear_0034,fear,2,train,True,multimodal_facial_data/processed_facial/fer_2013_train_fear_0034.jpg,multimodal_facial_data/raw_facial/fer2013/train/fear/Training_90972539.jpg
train_fear_0035,fear,2,train,True,multimodal_facial_data/processed_facial/fer_2013_train_fear_0035.jpg,multimodal_facial_data/raw_facial/fer2013/train/fear/Training_70319713.jpg
train_fear_0036,fear,2,train,True,multimodal_facial_data/processed_facial/fer_2013_train_fear_0036.jpg,multimodal_facial_data/raw_facial/fer2013/train/fear/Training_21788790.jpg
train_fear_0037,fear,2,train,True,multimodal_facial_data/processed_facial/fer_2013_train_fear_0037.jpg,multimodal_facial_data/raw_facial/fer2013/train/fear/Training_13370667.jpg
train_fear_0038,fear,2,train,False,multimodal_facial_data/processed_facial/fer_2013_train_fear_0038.jpg,multimodal_facial_data/raw_facial/fer2013/train/fear/Training_99522155.jpg
train_fear_0039,fear,2,train,True,multimodal_facial_data/processed_facial/fer_2013_train_fear_0039.jpg,multimodal_facial_data/raw_facial/fer2013/train/fear/Training_42504090.jpg
train_fear_0040,fear,2,train,True,multimodal_facial_data/processed_facial/fer_2013_train_fear_0040.jpg,multimodal_facial_data/raw_facial/fer2013/train/fear/Training_25525626.jpg
train_fear_0041,fear,2,train,True,multimodal_facial_data/processed_facial/fer_2013_train_fear_0041.jpg,multimodal_facial_data/raw_facial/fer2013/train/fear/Training_15862038.jpg
train_fear_0042,fear,2,train,False,multimodal_facial_data/processed_facial/fer_2013_train_fear_0042.jpg,multimodal_facial_data/raw_facial/fer2013/train/fear/Training_48115886.jpg
train_fear_0043,fear,2,train,False,multimodal_facial_data/processed_facial/fer_2013_train_fear_0043.jpg,multimodal_facial_data/raw_facial/fer2013/train/fear/Training_94117631.jpg
train_fear_0044,fear,2,train,True,multimodal_facial_data/processed_facial/fer_2013_train_fear_0044.jpg,multimodal_facial_data/raw_facial/fer2013/train/fear/Training_37035399.jpg
train_fear_0045,fear,2,train,True,multimodal_facial_data/processed_facial/fer_2013_train_fear_0045.jpg,multimodal_facial_data/raw_facial/fer2013/train/fear/Training_61635098.jpg
train_fear_0046,fear,2,train,True,multimodal_facial_data/processed_facial/fer_2013_train_fear_0046.jpg,multimodal_facial_data/raw_facial/fer2013/train/fear/Training_74167144.jpg
train_fear_0047,fear,2,train,True,multimodal_facial_data/processed_facial/fer_2013_train_fear_0047.jpg,multimodal_facial_data/raw_facial/fer2013/train/fear/Training_80100875.jpg
train_fear_0048,fear,2,train,True,multimodal_facial_data/processed_facial/fer_2013_train_fear_0048.jpg,multimodal_facial_data/raw_facial/fer2013/train/fear/Training_65905937.jpg
train_fear_0049,fear,2,train,True,multimodal_facial_data/processed_facial/fer_2013_train_fear_0049.jpg,multimodal_facial_data/raw_facial/fer2013/train/fear/Training_25154498.jpg
train_fear_0050,fear,2,train,False,multimodal_facial_data/processed_facial/fer_2013_train_fear_0050.jpg,multimodal_facial_data/raw_facial/fer2013/train/fear/Training_82098572.jpg
train_fear_0051,fear,2,train,True,multimodal_facial_data/processed_facial/fer_2013_train_fear_0051.jpg,multimodal_facial_data/raw_facial/fer2013/train/fear/Training_81902991.jpg
train_fear_0052,fear,2,train,True,multimodal_facial_data/processed_facial/fer_2013_train_fear_0052.jpg,multimodal_facial_data/raw_facial/fer2013/train/fear/Training_48735147.jpg
train_fear_0053,fear,2,train,True,multimodal_facial_data/processed_facial/fer_2013_train_fear_0053.jpg,multimodal_facial_data/raw_facial/fer2013/train/fear/Training_94644111.jpg
train_fear_0054,fear,2,train,True,multimodal_facial_data/processed_facial/fer_2013_train_fear_0054.jpg,multimodal_facial_data/raw_facial/fer2013/train/fear/Training_81420285.jpg
train_fear_0055,fear,2,train,True,multimodal_facial_data/processed_facial/fer_2013_train_fear_0055.jpg,multimodal_facial_data/raw_facial/fer2013/train/fear/Training_54627839.jpg
train_fear_0056,fear,2,train,True,multimodal_facial_data/processed_facial/fer_2013_train_fear_0056.jpg,multimodal_facial_data/raw_facial/fer2013/train/fear/Training_60532932.jpg
train_fear_0057,fear,2,train,True,multimodal_facial_data/processed_facial/fer_2013_train_fear_0057.jpg,multimodal_facial_data/raw_facial/fer2013/train/fear/Training_12815902.jpg
train_fear_0058,fear,2,train,True,multimodal_facial_data/processed_facial/fer_2013_train_fear_0058.jpg,multimodal_facial_data/raw_facial/fer2013/train/fear/Training_55403429.jpg
train_fear_0059,fear,2,train,True,multimodal_facial_data/processed_facial/fer_2013_train_fear_0059.jpg,multimodal_facial_data/raw_facial/fer2013/train/fear/Training_83591485.jpg
train_fear_0060,fear,2,train,False,multimodal_facial_data/processed_facial/fer_2013_train_fear_0060.jpg,multimodal_facial_data/raw_facial/fer2013/train/fear/Training_85023733.jpg
train_fear_0061,fear,2,train,False,multimodal_facial_data/processed_facial/fer_2013_train_fear_0061.jpg,multimodal_facial_data/raw_facial/fer2013/train/fear/Training_54072906.jpg
train_fear_0062,fear,2,train,True,multimodal_facial_data/processed_facial/fer_2013_train_fear_0062.jpg,multimodal_facial_data/raw_facial/fer2013/train/fear/Training_8345732.jpg
train_fear_0063,fear,2,train,False,multimodal_facial_data/processed_facial/fer_2013_train_fear_0063.jpg,multimodal_facial_data/raw_facial/fer2013/train/fear/Training_69408967.jpg
train_fear_0064,fear,2,train,True,multimodal_facial_data/processed_facial/fer_2013_train_fear_0064.jpg,multimodal_facial_data/raw_facial/fer2013/train/fear/Training_68873649.jpg
train_fear_0065,fear,2,train,False,multimodal_facial_data/processed_facial/fer_2013_train_fear_0065.jpg,multimodal_facial_data/raw_facial/fer2013/train/fear/Training_18903000.jpg
train_fear_0066,fear,2,train,False,multimodal_facial_data/processed_facial/fer_2013_train_fear_0066.jpg,multimodal_facial_data/raw_facial/fer2013/train/fear/Training_95532376.jpg
train_fear_0067,fear,2,train,True,multimodal_facial_data/processed_facial/fer_2013_train_fear_0067.jpg,multimodal_facial_data/raw_facial/fer2013/train/fear/Training_14978296.jpg
train_fear_0068,fear,2,train,True,multimodal_facial_data/processed_facial/fer_2013_train_fear_0068.jpg,multimodal_facial_data/raw_facial/fer2013/train/fear/Training_30116224.jpg
train_fear_0069,fear,2,train,True,multimodal_facial_data/processed_facial/fer_2013_train_fear_0069.jpg,multimodal_facial_data/raw_facial/fer2013/train/fear/Training_34902893.jpg
train_fear_0070,fear,2,train,True,multimodal_facial_data/processed_facial/fer_2013_train_fear_0070.jpg,multimodal_facial_data/raw_facial/fer2013/train/fear/Training_62983871.jpg
train_fear_0071,fear,2,train,True,multimodal_facial_data/processed_facial/fer_2013_train_fear_0071.jpg,multimodal_facial_data/raw_facial/fer2013/train/fear/Training_67192694.jpg
train_fear_0072,fear,2,train,True,multimodal_facial_data/processed_facial/fer_2013_train_fear_0072.jpg,multimodal_facial_data/raw_facial/fer2013/train/fear/Training_92021165.jpg
train_fear_0073,fear,2,train,True,multimodal_facial_data/processed_facial/fer_2013_train_fear_0073.jpg,multimodal_facial_data/raw_facial/fer2013/train/fear/Training_90377115.jpg
train_fear_0074,fear,2,train,True,multimodal_facial_data/processed_facial/fer_2013_train_fear_0074.jpg,multimodal_facial_data/raw_facial/fer2013/train/fear/Training_79151250.jpg
train_fear_0075,fear,2,train,True,multimodal_facial_data/processed_facial/fer_2013_train_fear_0075.jpg,multimodal_facial_data/raw_facial/fer2013/train/fear/Training_81341928.jpg
train_fear_0076,fear,2,train,True,multimodal_facial_data/processed_facial/fer_2013_train_fear_0076.jpg,multimodal_facial_data/raw_facial/fer2013/train/fear/Training_92836435.jpg
train_fear_0077,fear,2,train,True,multimodal_facial_data/processed_facial/fer_2013_train_fear_0077.jpg,multimodal_facial_data/raw_facial/fer2013/train/fear/Training_94509358.jpg
train_fear_0078,fear,2,train,True,multimodal_facial_data/processed_facial/fer_2013_train_fear_0078.jpg,multimodal_facial_data/raw_facial/fer2013/train/fear/Training_88038728.jpg
train_fear_0079,fear,2,train,True,multimodal_facial_data/processed_facial/fer_2013_train_fear_0079.jpg,multimodal_facial_data/raw_facial/fer2013/train/fear/Training_91466839.jpg
train_fear_0080,fear,2,train,False,multimodal_facial_data/processed_facial/fer_2013_train_fear_0080.jpg,multimodal_facial_data/raw_facial/fer2013/train/fear/Training_58109968.jpg
train_fear_0081,fear,2,train,True,multimodal_facial_data/processed_facial/fer_2013_train_fear_0081.jpg,multimodal_facial_data/raw_facial/fer2013/train/fear/Training_1914289.jpg
train_fear_0082,fear,2,train,True,multimodal_facial_data/processed_facial/fer_2013_train_fear_0082.jpg,multimodal_facial_data/raw_facial/fer2013/train/fear/Training_4044006.jpg
train_fear_0083,fear,2,train,True,multimodal_facial_data/processed_facial/fer_2013_train_fear_0083.jpg,multimodal_facial_data/raw_facial/fer2013/train/fear/Training_97306851.jpg
train_fear_0084,fear,2,train,True,multimodal_facial_data/processed_facial/fer_2013_train_fear_0084.jpg,multimodal_facial_data/raw_facial/fer2013/train/fear/Training_65968117.jpg
train_fear_0085,fear,2,train,True,multimodal_facial_data/processed_facial/fer_2013_train_fear_0085.jpg,multimodal_facial_data/raw_facial/fer2013/train/fear/Training_40126829.jpg
train_fear_0086,fear,2,train,True,multimodal_facial_data/processed_facial/fer_2013_train_fear_0086.jpg,multimodal_facial_data/raw_facial/fer2013/train/fear/Training_61807304.jpg
train_fear_0087,fear,2,train,True,multimodal_facial_data/processed_facial/fer_2013_train_fear_0087.jpg,multimodal_facial_data/raw_facial/fer2013/train/fear/Training_69765387.jpg
train_fear_0088,fear,2,train,True,multimodal_facial_data/processed_facial/fer_2013_train_fear_0088.jpg,multimodal_facial_data/raw_facial/fer2013/train/fear/Training_98004480.jpg
train_fear_0089,fear,2,train,True,multimodal_facial_data/processed_facial/fer_2013_train_fear_0089.jpg,multimodal_facial_data/raw_facial/fer2013/train/fear/Training_12734515.jpg
train_fear_0090,fear,2,train,True,multimodal_facial_data/processed_facial/fer_2013_train_fear_0090.jpg,multimodal_facial_data/raw_facial/fer2013/train/fear/Training_46328140.jpg
train_fear_0091,fear,2,train,True,multimodal_facial_data/processed_facial/fer_2013_train_fear_0091.jpg,multimodal_facial_data/raw_facial/fer2013/train/fear/Training_82600637.jpg
train_fear_0092,fear,2,train,True,multimodal_facial_data/processed_facial/fer_2013_train_fear_0092.jpg,multimodal_facial_data/raw_facial/fer2013/train/fear/Training_41548706.jpg
train_fear_0093,fear,2,train,True,multimodal_facial_data/processed_facial/fer_2013_train_fear_0093.jpg,multimodal_facial_data/raw_facial/fer2013/train/fear/Training_27400275.jpg
train_fear_0094,fear,2,train,True,multimodal_facial_data/processed_facial/fer_2013_train_fear_0094.jpg,multimodal_facial_data/raw_facial/fer2013/train/fear/Training_64708688.jpg
train_fear_0095,fear,2,train,True,multimodal_facial_data/processed_facial/fer_2013_train_fear_0095.jpg,multimodal_facial_data/raw_facial/fer2013/train/fear/Training_81983135.jpg
train_fear_0096,fear,2,train,True,multimodal_facial_data/processed_facial/fer_2013_train_fear_0096.jpg,multimodal_facial_data/raw_facial/fer2013/train/fear/Training_4604222.jpg
train_fear_0097,fear,2,train,True,multimodal_facial_data/processed_facial/fer_2013_train_fear_0097.jpg,multimodal_facial_data/raw_facial/fer2013/train/fear/Training_40903603.jpg
train_fear_0098,fear,2,train,True,multimodal_facial_data/processed_facial/fer_2013_train_fear_0098.jpg,multimodal_facial_data/raw_facial/fer2013/train/fear/Training_26823187.jpg
train_fear_0099,fear,2,train,False,multimodal_facial_data/processed_facial/fer_2013_train_fear_0099.jpg,multimodal_facial_data/raw_facial/fer2013/train/fear/Training_64133304.jpg
train_sad_0000,sad,4,train,False,multimodal_facial_data/processed_facial/fer_2013_train_sad_0000.jpg,multimodal_facial_data/raw_facial/fer2013/train/sad/Training_46062445.jpg
train_sad_0001,sad,4,train,True,multimodal_facial_data/processed_facial/fer_2013_train_sad_0001.jpg,multimodal_facial_data/raw_facial/fer2013/train/sad/Training_35628849.jpg
train_sad_0002,sad,4,train,True,multimodal_facial_data/processed_facial/fer_2013_train_sad_0002.jpg,multimodal_facial_data/raw_facial/fer2013/train/sad/Training_25652107.jpg
train_sad_0003,sad,4,train,True,multimodal_facial_data/processed_facial/fer_2013_train_sad_0003.jpg,multimodal_facial_data/raw_facial/fer2013/train/sad/Training_63047316.jpg
train_sad_0004,sad,4,train,True,multimodal_facial_data/processed_facial/fer_2013_train_sad_0004.jpg,multimodal_facial_data/raw_facial/fer2013/train/sad/Training_55217672.jpg
train_sad_0005,sad,4,train,True,multimodal_facial_data/processed_facial/fer_2013_train_sad_0005.jpg,multimodal_facial_data/raw_facial/fer2013/train/sad/Training_67218522.jpg
train_sad_0006,sad,4,train,True,multimodal_facial_data/processed_facial/fer_2013_train_sad_0006.jpg,multimodal_facial_data/raw_facial/fer2013/train/sad/Training_49956876.jpg
train_sad_0007,sad,4,train,True,multimodal_facial_data/processed_facial/fer_2013_train_sad_0007.jpg,multimodal_facial_data/raw_facial/fer2013/train/sad/Training_57915797.jpg
train_sad_0008,sad,4,train,False,multimodal_facial_data/processed_facial/fer_2013_train_sad_0008.jpg,multimodal_facial_data/raw_facial/fer2013/train/sad/Training_41645919.jpg
train_sad_0009,sad,4,train,True,multimodal_facial_data/processed_facial/fer_2013_train_sad_0009.jpg,multimodal_facial_data/raw_facial/fer2013/train/sad/Training_42055139.jpg
train_sad_0010,sad,4,train,True,multimodal_facial_data/processed_facial/fer_2013_train_sad_0010.jpg,multimodal_facial_data/raw_facial/fer2013/train/sad/Training_12765925.jpg
train_sad_0011,sad,4,train,True,multimodal_facial_data/processed_facial/fer_2013_train_sad_0011.jpg,multimodal_facial_data/raw_facial/fer2013/train/sad/Training_6930508.jpg
train_sad_0012,sad,4,train,True,multimodal_facial_data/processed_facial/fer_2013_train_sad_0012.jpg,multimodal_facial_data/raw_facial/fer2013/train/sad/Training_8532454.jpg
train_sad_0013,sad,4,train,True,multimodal_facial_data/processed_facial/fer_2013_train_sad_0013.jpg,multimodal_facial_data/raw_facial/fer2013/train/sad/Training_62101040.jpg
train_sad_0014,sad,4,train,True,multimodal_facial_data/processed_facial/fer_2013_train_sad_0014.jpg,multimodal_facial_data/raw_facial/fer2013/train/sad/Training_17876299.jpg
train_sad_0015,sad,4,train,False,multimodal_facial_data/processed_facial/fer_2013_train_sad_0015.jpg,multimodal_facial_data/raw_facial/fer2013/train/sad/Training_87299300.jpg
train_sad_0016,sad,4,train,True,multimodal_facial_data/processed_facial/fer_2013_train_sad_0016.jpg,multimodal_facial_data/raw_facial/fer2013/train/sad/Training_35577713.jpg
train_sad_0017,sad,4,train,True,multimodal_facial_data/processed_facial/fer_2013_train_sad_0017.jpg,multimodal_facial_data/raw_facial/fer2013/train/sad/Training_68592359.jpg
train_sad_0018,sad,4,train,True,multimodal_facial_data/processed_facial/fer_2013_train_sad_0018.jpg,multimodal_facial_data/raw_facial/fer2013/train/sad/Training_85239038.jpg
train_sad_0019,sad,4,train,True,multimodal_facial_data/processed_facial/fer_2013_train_sad_0019.jpg,multimodal_facial_data/raw_facial/fer2013/train/sad/Training_6604778.jpg
train_sad_0020,sad,4,train,False,multimodal_facial_data/processed_facial/fer_2013_train_sad_0020.jpg,multimodal_facial_data/raw_facial/fer2013/train/sad/Training_12552898.jpg
train_sad_0021,sad,4,train,True,multimodal_facial_data/processed_facial/fer_2013_train_sad_0021.jpg,multimodal_facial_data/raw_facial/fer2013/train/sad/Training_68159604.jpg
train_sad_0022,sad,4,train,False,multimodal_facial_data/processed_facial/fer_2013_train_sad_0022.jpg,multimodal_facial_data/raw_facial/fer2013/train/sad/Training_69206174.jpg
train_sad_0023,sad,4,train,True,multimodal_facial_data/processed_facial/fer_2013_train_sad_0023.jpg,multimodal_facial_data/raw_facial/fer2013/train/sad/Training_14642114.jpg
train_sad_0024,sad,4,train,True,multimodal_facial_data/processed_facial/fer_2013_train_sad_0024.jpg,multimodal_facial_data/raw_facial/fer2013/train/sad/Training_47120662.jpg
train_sad_0025,sad,4,train,True,multimodal_facial_data/processed_facial/fer_2013_train_sad_0025.jpg,multimodal_facial_data/raw_facial/fer2013/train/sad/Training_96511104.jpg
train_sad_0026,sad,4,train,True,multimodal_facial_data/processed_facial/fer_2013_train_sad_0026.jpg,multimodal_facial_data/raw_facial/fer2013/train/sad/Training_88655888.jpg
train_sad_0027,sad,4,train,True,multimodal_facial_data/processed_facial/fer_2013_train_sad_0027.jpg,multimodal_facial_data/raw_facial/fer2013/train/sad/Training_28051062.jpg
train_sad_0028,sad,4,train,True,multimodal_facial_data/processed_facial/fer_2013_train_sad_0028.jpg,multimodal_facial_data/raw_facial/fer2013/train/sad/Training_2308873.jpg
train_sad_0029,sad,4,train,False,multimodal_facial_data/processed_facial/fer_2013_train_sad_0029.jpg,multimodal_facial_data/raw_facial/fer2013/train/sad/Training_82757224.jpg
train_sad_0030,sad,4,train,True,multimodal_facial_data/processed_facial/fer_2013_train_sad_0030.jpg,multimodal_facial_data/raw_facial/fer2013/train/sad/Training_20061962.jpg
train_sad_0031,sad,4,train,False,multimodal_facial_data/processed_facial/fer_2013_train_sad_0031.jpg,multimodal_facial_data/raw_facial/fer2013/train/sad/Training_18572501.jpg
train_sad_0032,sad,4,train,True,multimodal_facial_data/processed_facial/fer_2013_train_sad_0032.jpg,multimodal_facial_data/raw_facial/fer2013/train/sad/Training_7705182.jpg
train_sad_0033,sad,4,train,True,multimodal_facial_data/processed_facial/fer_2013_train_sad_0033.jpg,multimodal_facial_data/raw_facial/fer2013/train/sad/Training_23983787.jpg
train_sad_0034,sad,4,train,True,multimodal_facial_data/processed_facial/fer_2013_train_sad_0034.jpg,multimodal_facial_data/raw_facial/fer2013/train/sad/Training_84693973.jpg
train_sad_0035,sad,4,train,True,multimodal_facial_data/processed_facial/fer_2013_train_sad_0035.jpg,multimodal_facial_data/raw_facial/fer2013/train/sad/Training_28778248.jpg
train_sad_0036,sad,4,train,True,multimodal_facial_data/processed_facial/fer_2013_train_sad_0036.jpg,multimodal_facial_data/raw_facial/fer2013/train/sad/Training_70958370.jpg
train_sad_0037,sad,4,train,True,multimodal_facial_data/processed_facial/fer_2013_train_sad_0037.jpg,multimodal_facial_data/raw_facial/fer2013/train/sad/Training_87480895.jpg
train_sad_0038,sad,4,train,True,multimodal_facial_data/processed_facial/fer_2013_train_sad_0038.jpg,multimodal_facial_data/raw_facial/fer2013/train/sad/Training_29477306.jpg
train_sad_0039,sad,4,train,True,multimodal_facial_data/processed_facial/fer_2013_train_sad_0039.jpg,multimodal_facial_data/raw_facial/fer2013/train/sad/Training_31819711.jpg
train_sad_0040,sad,4,train,True,multimodal_facial_data/processed_facial/fer_2013_train_sad_0040.jpg,multimodal_facial_data/raw_facial/fer2013/train/sad/Training_696816.jpg
train_sad_0041,sad,4,train,True,multimodal_facial_data/processed_facial/fer_2013_train_sad_0041.jpg,multimodal_facial_data/raw_facial/fer2013/train/sad/Training_29686845.jpg
train_sad_0042,sad,4,train,True,multimodal_facial_data/processed_facial/fer_2013_train_sad_0042.jpg,multimodal_facial_data/raw_facial/fer2013/train/sad/Training_5499921.jpg
train_sad_0043,sad,4,train,True,multimodal_facial_data/processed_facial/fer_2013_train_sad_0043.jpg,multimodal_facial_data/raw_facial/fer2013/train/sad/Training_54423623.jpg
train_sad_0044,sad,4,train,True,multimodal_facial_data/processed_facial/fer_2013_train_sad_0044.jpg,multimodal_facial_data/raw_facial/fer2013/train/sad/Training_89127000.jpg
train_sad_0045,sad,4,train,True,multimodal_facial_data/processed_facial/fer_2013_train_sad_0045.jpg,multimodal_facial_data/raw_facial/fer2013/train/sad/Training_62727458.jpg
train_sad_0046,sad,4,train,True,multimodal_facial_data/processed_facial/fer_2013_train_sad_0046.jpg,multimodal_facial_data/raw_facial/fer2013/train/sad/Training_23882155.jpg
train_sad_0047,sad,4,train,True,multimodal_facial_data/processed_facial/fer_2013_train_sad_0047.jpg,multimodal_facial_data/raw_facial/fer2013/train/sad/Training_48288955.jpg
train_sad_0048,sad,4,train,True,multimodal_facial_data/processed_facial/fer_2013_train_sad_0048.jpg,multimodal_facial_data/raw_facial/fer2013/train/sad/Training_76156703.jpg
train_sad_0049,sad,4,train,True,multimodal_facial_data/processed_facial/fer_2013_train_sad_0049.jpg,multimodal_facial_data/raw_facial/fer2013/train/sad/Training_28386967.jpg
train_sad_0050,sad,4,train,True,multimodal_facial_data/processed_facial/fer_2013_train_sad_0050.jpg,multimodal_facial_data/raw_facial/fer2013/train/sad/Training_84670714.jpg
train_sad_0051,sad,4,train,True,multimodal_facial_data/processed_facial/fer_2013_train_sad_0051.jpg,multimodal_facial_data/raw_facial/fer2013/train/sad/Training_18470606.jpg
train_sad_0052,sad,4,train,True,multimodal_facial_data/processed_facial/fer_2013_train_sad_0052.jpg,multimodal_facial_data/raw_facial/fer2013/train/sad/Training_60235657.jpg
train_sad_0053,sad,4,train,True,multimodal_facial_data/processed_facial/fer_2013_train_sad_0053.jpg,multimodal_facial_data/raw_facial/fer2013/train/sad/Training_85183226.jpg
train_sad_0054,sad,4,train,True,multimodal_facial_data/processed_facial/fer_2013_train_sad_0054.jpg,multimodal_facial_data/raw_facial/fer2013/train/sad/Training_57529169.jpg
train_sad_0055,sad,4,train,True,multimodal_facial_data/processed_facial/fer_2013_train_sad_0055.jpg,multimodal_facial_data/raw_facial/fer2013/train/sad/Training_15757561.jpg
train_sad_0056,sad,4,train,True,multimodal_facial_data/processed_facial/fer_2013_train_sad_0056.jpg,multimodal_facial_data/raw_facial/fer2013/train/sad/Training_60026380.jpg
train_sad_0057,sad,4,train,True,multimodal_facial_data/processed_facial/fer_2013_train_sad_0057.jpg,multimodal_facial_data/raw_facial/fer2013/train/sad/Training_48059454.jpg
train_sad_0058,sad,4,train,True,multimodal_facial_data/processed_facial/fer_2013_train_sad_0058.jpg,multimodal_facial_data/raw_facial/fer2013/train/sad/Training_21119797.jpg
train_sad_0059,sad,4,train,True,multimodal_facial_data/processed_facial/fer_2013_train_sad_0059.jpg,multimodal_facial_data/raw_facial/fer2013/train/sad/Training_57339462.jpg
train_sad_0060,sad,4,train,True,multimodal_facial_data/processed_facial/fer_2013_train_sad_0060.jpg,multimodal_facial_data/raw_facial/fer2013/train/sad/Training_67277941.jpg
train_sad_0061,sad,4,train,True,multimodal_facial_data/processed_facial/fer_2013_train_sad_0061.jpg,multimodal_facial_data/raw_facial/fer2013/train/sad/Training_11981883.jpg
train_sad_0062,sad,4,train,True,multimodal_facial_data/processed_facial/fer_2013_train_sad_0062.jpg,multimodal_facial_data/raw_facial/fer2013/train/sad/Training_49245201.jpg
train_sad_0063,sad,4,train,True,multimodal_facial_data/processed_facial/fer_2013_train_sad_0063.jpg,multimodal_facial_data/raw_facial/fer2013/train/sad/Training_96637051.jpg
train_sad_0064,sad,4,train,True,multimodal_facial_data/processed_facial/fer_2013_train_sad_0064.jpg,multimodal_facial_data/raw_facial/fer2013/train/sad/Training_15762711.jpg
train_sad_0065,sad,4,train,False,multimodal_facial_data/processed_facial/fer_2013_train_sad_0065.jpg,multimodal_facial_data/raw_facial/fer2013/train/sad/Training_73704673.jpg
train_sad_0066,sad,4,train,True,multimodal_facial_data/processed_facial/fer_2013_train_sad_0066.jpg,multimodal_facial_data/raw_facial/fer2013/train/sad/Training_69690698.jpg
train_sad_0067,sad,4,train,True,multimodal_facial_data/processed_facial/fer_2013_train_sad_0067.jpg,multimodal_facial_data/raw_facial/fer2013/train/sad/Training_32880257.jpg
train_sad_0068,sad,4,train,False,multimodal_facial_data/processed_facial/fer_2013_train_sad_0068.jpg,multimodal_facial_data/raw_facial/fer2013/train/sad/Training_20838219.jpg
train_sad_0069,sad,4,train,True,multimodal_facial_data/processed_facial/fer_2013_train_sad_0069.jpg,multimodal_facial_data/raw_facial/fer2013/train/sad/Training_91012494.jpg
train_sad_0070,sad,4,train,True,multimodal_facial_data/processed_facial/fer_2013_train_sad_0070.jpg,multimodal_facial_data/raw_facial/fer2013/train/sad/Training_39613103.jpg
train_sad_0071,sad,4,train,True,multimodal_facial_data/processed_facial/fer_2013_train_sad_0071.jpg,multimodal_facial_data/raw_facial/fer2013/train/sad/Training_53034929.jpg
train_sad_0072,sad,4,train,True,multimodal_facial_data/processed_facial/fer_2013_train_sad_0072.jpg,multimodal_facial_data/raw_facial/fer2013/train/sad/Training_10650422.jpg
train_sad_0073,sad,4,train,True,multimodal_facial_data/processed_facial/fer_2013_train_sad_0073.jpg,multimodal_facial_data/raw_facial/fer2013/train/sad/Training_54602400.jpg
train_sad_0074,sad,4,train,True,multimodal_facial_data/processed_facial/fer_2013_train_sad_0074.jpg,multimodal_facial_data/raw_facial/fer2013/train/sad/Training_21230932.jpg
train_sad_0075,sad,4,train,True,multimodal_facial_data/processed_facial/fer_2013_train_sad_0075.jpg,multimodal_facial_data/raw_facial/fer2013/train/sad/Training_61220341.jpg
train_sad_0076,sad,4,train,True,multimodal_facial_data/processed_facial/fer_2013_train_sad_0076.jpg,multimodal_facial_data/raw_facial/fer2013/train/sad/Training_73361195.jpg
train_sad_0077,sad,4,train,False,multimodal_facial_data/processed_facial/fer_2013_train_sad_0077.jpg,multimodal_facial_data/raw_facial/fer2013/train/sad/Training_59045987.jpg
train_sad_0078,sad,4,train,True,multimodal_facial_data/processed_facial/fer_2013_train_sad_0078.jpg,multimodal_facial_data/raw_facial/fer2013/train/sad/Training_26325609.jpg
train_sad_0079,sad,4,train,False,multimodal_facial_data/processed_facial/fer_2013_train_sad_0079.jpg,multimodal_facial_data/raw_facial/fer2013/train/sad/Training_91662599.jpg
train_sad_0080,sad,4,train,True,multimodal_facial_data/processed_facial/fer_2013_train_sad_0080.jpg,multimodal_facial_data/raw_facial/fer2013/train/sad/Training_28099046.jpg
train_sad_0081,sad,4,train,True,multimodal_facial_data/processed_facial/fer_2013_train_sad_0081.jpg,multimodal_facial_data/raw_facial/fer2013/train/sad/Training_95965211.jpg
train_sad_0082,sad,4,train,True,multimodal_facial_data/processed_facial/fer_2013_train_sad_0082.jpg,multimodal_facial_data/raw_facial/fer2013/train/sad/Training_56693420.jpg
train_sad_0083,sad,4,train,True,multimodal_facial_data/processed_facial/fer_2013_train_sad_0083.jpg,multimodal_facial_data/raw_facial/fer2013/train/sad/Training_87691484.jpg
train_sad_0084,sad,4,train,True,multimodal_facial_data/processed_facial/fer_2013_train_sad_0084.jpg,multimodal_facial_data/raw_facial/fer2013/train/sad/Training_88446392.jpg
train_sad_0085,sad,4,train,True,multimodal_facial_data/processed_facial/fer_2013_train_sad_0085.jpg,multimodal_facial_data/raw_facial/fer2013/train/sad/Training_66860349.jpg
train_sad_0086,sad,4,train,True,multimodal_facial_data/processed_facial/fer_2013_train_sad_0086.jpg,multimodal_facial_data/raw_facial/fer2013/train/sad/Training_10115766.jpg
train_sad_0087,sad,4,train,True,multimodal_facial_data/processed_facial/fer_2013_train_sad_0087.jpg,multimodal_facial_data/raw_facial/fer2013/train/sad/Training_62917153.jpg
train_sad_0088,sad,4,train,True,multimodal_facial_data/processed_facial/fer_2013_train_sad_0088.jpg,multimodal_facial_data/raw_facial/fer2013/train/sad/Training_13414103.jpg
train_sad_0089,sad,4,train,True,multimodal_facial_data/processed_facial/fer_2013_train_sad_0089.jpg,multimodal_facial_data/raw_facial/fer2013/train/sad/Training_51858445.jpg
train_sad_0090,sad,4,train,False,multimodal_facial_data/processed_facial/fer_2013_train_sad_0090.jpg,multimodal_facial_data/raw_facial/fer2013/train/sad/Training_96343534.jpg
train_sad_0091,sad,4,train,True,multimodal_facial_data/processed_facial/fer_2013_train_sad_0091.jpg,multimodal_facial_data/raw_facial/fer2013/train/sad/Training_35653781.jpg
train_sad_0092,sad,4,train,True,multimodal_facial_data/processed_facial/fer_2013_train_sad_0092.jpg,multimodal_facial_data/raw_facial/fer2013/train/sad/Training_21744893.jpg
train_sad_0093,sad,4,train,True,multimodal_facial_data/processed_facial/fer_2013_train_sad_0093.jpg,multimodal_facial_data/raw_facial/fer2013/train/sad/Training_84349877.jpg
train_sad_0094,sad,4,train,True,multimodal_facial_data/processed_facial/fer_2013_train_sad_0094.jpg,multimodal_facial_data/raw_facial/fer2013/train/sad/Training_2206771.jpg
train_sad_0095,sad,4,train,True,multimodal_facial_data/processed_facial/fer_2013_train_sad_0095.jpg,multimodal_facial_data/raw_facial/fer2013/train/sad/Training_25317570.jpg
train_sad_0096,sad,4,train,True,multimodal_facial_data/processed_facial/fer_2013_train_sad_0096.jpg,multimodal_facial_data/raw_facial/fer2013/train/sad/Training_53471691.jpg
train_sad_0097,sad,4,train,True,multimodal_facial_data/processed_facial/fer_2013_train_sad_0097.jpg,multimodal_facial_data/raw_facial/fer2013/train/sad/Training_26568010.jpg
train_sad_0098,sad,4,train,True,multimodal_facial_data/processed_facial/fer_2013_train_sad_0098.jpg,multimodal_facial_data/raw_facial/fer2013/train/sad/Training_43690887.jpg
train_sad_0099,sad,4,train,True,multimodal_facial_data/processed_facial/fer_2013_train_sad_0099.jpg,multimodal_facial_data/raw_facial/fer2013/train/sad/Training_13027932.jpg
test_happy_0000,happy,3,test,True,multimodal_facial_data/processed_facial/fer_2013_test_happy_0000.jpg,multimodal_facial_data/raw_facial/fer2013/test/happy/PublicTest_59119992.jpg
test_happy_0001,happy,3,test,True,multimodal_facial_data/processed_facial/fer_2013_test_happy_0001.jpg,multimodal_facial_data/raw_facial/fer2013/test/happy/PrivateTest_99314173.jpg
test_happy_0002,happy,3,test,True,multimodal_facial_data/processed_facial/fer_2013_test_happy_0002.jpg,multimodal_facial_data/raw_facial/fer2013/test/happy/PublicTest_2666482.jpg
test_happy_0003,happy,3,test,True,multimodal_facial_data/processed_facial/fer_2013_test_happy_0003.jpg,multimodal_facial_data/raw_facial/fer2013/test/happy/PublicTest_97661985.jpg
test_happy_0004,happy,3,test,True,multimodal_facial_data/processed_facial/fer_2013_test_happy_0004.jpg,multimodal_facial_data/raw_facial/fer2013/test/happy/PrivateTest_47046591.jpg
test_happy_0005,happy,3,test,True,multimodal_facial_data/processed_facial/fer_2013_test_happy_0005.jpg,multimodal_facial_data/raw_facial/fer2013/test/happy/PublicTest_70884558.jpg
test_happy_0006,happy,3,test,True,multimodal_facial_data/processed_facial/fer_2013_test_happy_0006.jpg,multimodal_facial_data/raw_facial/fer2013/test/happy/PublicTest_40930163.jpg
test_happy_0007,happy,3,test,True,multimodal_facial_data/processed_facial/fer_2013_test_happy_0007.jpg,multimodal_facial_data/raw_facial/fer2013/test/happy/PrivateTest_8805398.jpg
test_happy_0008,happy,3,test,True,multimodal_facial_data/processed_facial/fer_2013_test_happy_0008.jpg,multimodal_facial_data/raw_facial/fer2013/test/happy/PrivateTest_47162929.jpg
test_happy_0009,happy,3,test,True,multimodal_facial_data/processed_facial/fer_2013_test_happy_0009.jpg,multimodal_facial_data/raw_facial/fer2013/test/happy/PrivateTest_56190110.jpg
test_happy_0010,happy,3,test,True,multimodal_facial_data/processed_facial/fer_2013_test_happy_0010.jpg,multimodal_facial_data/raw_facial/fer2013/test/happy/PrivateTest_79433800.jpg
test_happy_0011,happy,3,test,True,multimodal_facial_data/processed_facial/fer_2013_test_happy_0011.jpg,multimodal_facial_data/raw_facial/fer2013/test/happy/PrivateTest_64899439.jpg
test_happy_0012,happy,3,test,True,multimodal_facial_data/processed_facial/fer_2013_test_happy_0012.jpg,multimodal_facial_data/raw_facial/fer2013/test/happy/PublicTest_17473157.jpg
test_happy_0013,happy,3,test,True,multimodal_facial_data/processed_facial/fer_2013_test_happy_0013.jpg,multimodal_facial_data/raw_facial/fer2013/test/happy/PrivateTest_19095716.jpg
test_happy_0014,happy,3,test,True,multimodal_facial_data/processed_facial/fer_2013_test_happy_0014.jpg,multimodal_facial_data/raw_facial/fer2013/test/happy/PrivateTest_62948921.jpg
test_happy_0015,happy,3,test,True,multimodal_facial_data/processed_facial/fer_2013_test_happy_0015.jpg,multimodal_facial_data/raw_facial/fer2013/test/happy/PublicTest_79601118.jpg
test_happy_0016,happy,3,test,True,multimodal_facial_data/processed_facial/fer_2013_test_happy_0016.jpg,multimodal_facial_data/raw_facial/fer2013/test/happy/PrivateTest_25427646.jpg
test_happy_0017,happy,3,test,True,multimodal_facial_data/processed_facial/fer_2013_test_happy_0017.jpg,multimodal_facial_data/raw_facial/fer2013/test/happy/PublicTest_69166455.jpg
test_happy_0018,happy,3,test,True,multimodal_facial_data/processed_facial/fer_2013_test_happy_0018.jpg,multimodal_facial_data/raw_facial/fer2013/test/happy/PublicTest_51659203.jpg
test_happy_0019,happy,3,test,True,multimodal_facial_data/processed_facial/fer_2013_test_happy_0019.jpg,multimodal_facial_data/raw_facial/fer2013/test/happy/PublicTest_85314325.jpg
test_happy_0020,happy,3,test,True,multimodal_facial_data/processed_facial/fer_2013_test_happy_0020.jpg,multimodal_facial_data/raw_facial/fer2013/test/happy/PublicTest_93746530.jpg
test_happy_0021,happy,3,test,True,multimodal_facial_data/processed_facial/fer_2013_test_happy_0021.jpg,multimodal_facial_data/raw_facial/fer2013/test/happy/PublicTest_86914236.jpg
test_happy_0022,happy,3,test,True,multimodal_facial_data/processed_facial/fer_2013_test_happy_0022.jpg,multimodal_facial_data/raw_facial/fer2013/test/happy/PublicTest_32862356.jpg
test_happy_0023,happy,3,test,True,multimodal_facial_data/processed_facial/fer_2013_test_happy_0023.jpg,multimodal_facial_data/raw_facial/fer2013/test/happy/PrivateTest_52251559.jpg
test_happy_0024,happy,3,test,True,multimodal_facial_data/processed_facial/fer_2013_test_happy_0024.jpg,multimodal_facial_data/raw_facial/fer2013/test/happy/PublicTest_61045546.jpg
test_happy_0025,happy,3,test,True,multimodal_facial_data/processed_facial/fer_2013_test_happy_0025.jpg,multimodal_facial_data/raw_facial/fer2013/test/happy/PublicTest_16898559.jpg
test_happy_0026,happy,3,test,True,multimodal_facial_data/processed_facial/fer_2013_test_happy_0026.jpg,multimodal_facial_data/raw_facial/fer2013/test/happy/PublicTest_98506083.jpg
test_happy_0027,happy,3,test,True,multimodal_facial_data/processed_facial/fer_2013_test_happy_0027.jpg,multimodal_facial_data/raw_facial/fer2013/test/happy/PrivateTest_27403434.jpg
test_happy_0028,happy,3,test,True,multimodal_facial_data/processed_facial/fer_2013_test_happy_0028.jpg,multimodal_facial_data/raw_facial/fer2013/test/happy/PrivateTest_94603915.jpg
test_happy_0029,happy,3,test,True,multimodal_facial_data/processed_facial/fer_2013_test_happy_0029.jpg,multimodal_facial_data/raw_facial/fer2013/test/happy/PrivateTest_19304106.jpg
test_happy_0030,happy,3,test,True,multimodal_facial_data/processed_facial/fer_2013_test_happy_0030.jpg,multimodal_facial_data/raw_facial/fer2013/test/happy/PrivateTest_31155640.jpg
test_happy_0031,happy,3,test,True,multimodal_facial_data/processed_facial/fer_2013_test_happy_0031.jpg,multimodal_facial_data/raw_facial/fer2013/test/happy/PublicTest_28572682.jpg
test_happy_0032,happy,3,test,True,multimodal_facial_data/processed_facial/fer_2013_test_happy_0032.jpg,multimodal_facial_data/raw_facial/fer2013/test/happy/PublicTest_88089268.jpg
test_happy_0033,happy,3,test,True,multimodal_facial_data/processed_facial/fer_2013_test_happy_0033.jpg,multimodal_facial_data/raw_facial/fer2013/test/happy/PublicTest_35874394.jpg
test_happy_0034,happy,3,test,True,multimodal_facial_data/processed_facial/fer_2013_test_happy_0034.jpg,multimodal_facial_data/raw_facial/fer2013/test/happy/PublicTest_29262077.jpg
test_happy_0035,happy,3,test,True,multimodal_facial_data/processed_facial/fer_2013_test_happy_0035.jpg,multimodal_facial_data/raw_facial/fer2013/test/happy/PublicTest_44535619.jpg
test_happy_0036,happy,3,test,True,multimodal_facial_data/processed_facial/fer_2013_test_happy_0036.jpg,multimodal_facial_data/raw_facial/fer2013/test/happy/PrivateTest_79166758.jpg
test_happy_0037,happy,3,test,True,multimodal_facial_data/processed_facial/fer_2013_test_happy_0037.jpg,multimodal_facial_data/raw_facial/fer2013/test/happy/PublicTest_42531026.jpg
test_happy_0038,happy,3,test,True,multimodal_facial_data/processed_facial/fer_2013_test_happy_0038.jpg,multimodal_facial_data/raw_facial/fer2013/test/happy/PrivateTest_57908813.jpg
test_happy_0039,happy,3,test,True,multimodal_facial_data/processed_facial/fer_2013_test_happy_0039.jpg,multimodal_facial_data/raw_facial/fer2013/test/happy/PrivateTest_9549216.jpg
test_happy_0040,happy,3,test,True,multimodal_facial_data/processed_facial/fer_2013_test_happy_0040.jpg,multimodal_facial_data/raw_facial/fer2013/test/happy/PublicTest_83646668.jpg
test_happy_0041,happy,3,test,True,multimodal_facial_data/processed_facial/fer_2013_test_happy_0041.jpg,multimodal_facial_data/raw_facial/fer2013/test/happy/PrivateTest_14548043.jpg
test_happy_0042,happy,3,test,True,multimodal_facial_data/processed_facial/fer_2013_test_happy_0042.jpg,multimodal_facial_data/raw_facial/fer2013/test/happy/PrivateTest_94815076.jpg
test_happy_0043,happy,3,test,True,multimodal_facial_data/processed_facial/fer_2013_test_happy_0043.jpg,multimodal_facial_data/raw_facial/fer2013/test/happy/PublicTest_42178721.jpg
test_happy_0044,happy,3,test,True,multimodal_facial_data/processed_facial/fer_2013_test_happy_0044.jpg,multimodal_facial_data/raw_facial/fer2013/test/happy/PublicTest_19059765.jpg
test_happy_0045,happy,3,test,True,multimodal_facial_data/processed_facial/fer_2013_test_happy_0045.jpg,multimodal_facial_data/raw_facial/fer2013/test/happy/PrivateTest_24030799.jpg
test_happy_0046,happy,3,test,True,multimodal_facial_data/processed_facial/fer_2013_test_happy_0046.jpg,multimodal_facial_data/raw_facial/fer2013/test/happy/PrivateTest_32394750.jpg
test_happy_0047,happy,3,test,True,multimodal_facial_data/processed_facial/fer_2013_test_happy_0047.jpg,multimodal_facial_data/raw_facial/fer2013/test/happy/PrivateTest_18748017.jpg
test_happy_0048,happy,3,test,True,multimodal_facial_data/processed_facial/fer_2013_test_happy_0048.jpg,multimodal_facial_data/raw_facial/fer2013/test/happy/PublicTest_3586567.jpg
test_happy_0049,happy,3,test,True,multimodal_facial_data/processed_facial/fer_2013_test_happy_0049.jpg,multimodal_facial_data/raw_facial/fer2013/test/happy/PrivateTest_54239372.jpg
test_happy_0050,happy,3,test,True,multimodal_facial_data/processed_facial/fer_2013_test_happy_0050.jpg,multimodal_facial_data/raw_facial/fer2013/test/happy/PrivateTest_13508993.jpg
test_happy_0051,happy,3,test,True,multimodal_facial_data/processed_facial/fer_2013_test_happy_0051.jpg,multimodal_facial_data/raw_facial/fer2013/test/happy/PrivateTest_51922394.jpg
test_happy_0052,happy,3,test,True,multimodal_facial_data/processed_facial/fer_2013_test_happy_0052.jpg,multimodal_facial_data/raw_facial/fer2013/test/happy/PrivateTest_2764941.jpg
test_happy_0053,happy,3,test,True,multimodal_facial_data/processed_facial/fer_2013_test_happy_0053.jpg,multimodal_facial_data/raw_facial/fer2013/test/happy/PrivateTest_54027664.jpg
test_happy_0054,happy,3,test,True,multimodal_facial_data/processed_facial/fer_2013_test_happy_0054.jpg,multimodal_facial_data/raw_facial/fer2013/test/happy/PrivateTest_27045032.jpg
test_happy_0055,happy,3,test,False,multimodal_facial_data/processed_facial/fer_2013_test_happy_0055.jpg,multimodal_facial_data/raw_facial/fer2013/test/happy/PrivateTest_57066855.jpg
test_happy_0056,happy,3,test,True,multimodal_facial_data/processed_facial/fer_2013_test_happy_0056.jpg,multimodal_facial_data/raw_facial/fer2013/test/happy/PublicTest_13277039.jpg
test_happy_0057,happy,3,test,True,multimodal_facial_data/processed_facial/fer_2013_test_happy_0057.jpg,multimodal_facial_data/raw_facial/fer2013/test/happy/PublicTest_848748.jpg
test_happy_0058,happy,3,test,True,multimodal_facial_data/processed_facial/fer_2013_test_happy_0058.jpg,multimodal_facial_data/raw_facial/fer2013/test/happy/PrivateTest_81512221.jpg
test_happy_0059,happy,3,test,False,multimodal_facial_data/processed_facial/fer_2013_test_happy_0059.jpg,multimodal_facial_data/raw_facial/fer2013/test/happy/PrivateTest_61352712.jpg
test_happy_0060,happy,3,test,True,multimodal_facial_data/processed_facial/fer_2013_test_happy_0060.jpg,multimodal_facial_data/raw_facial/fer2013/test/happy/PublicTest_30399028.jpg
test_happy_0061,happy,3,test,True,multimodal_facial_data/processed_facial/fer_2013_test_happy_0061.jpg,multimodal_facial_data/raw_facial/fer2013/test/happy/PrivateTest_87342811.jpg
test_happy_0062,happy,3,test,True,multimodal_facial_data/processed_facial/fer_2013_test_happy_0062.jpg,multimodal_facial_data/raw_facial/fer2013/test/happy/PrivateTest_96395145.jpg
test_happy_0063,happy,3,test,True,multimodal_facial_data/processed_facial/fer_2013_test_happy_0063.jpg,multimodal_facial_data/raw_facial/fer2013/test/happy/PublicTest_66651438.jpg
test_happy_0064,happy,3,test,True,multimodal_facial_data/processed_facial/fer_2013_test_happy_0064.jpg,multimodal_facial_data/raw_facial/fer2013/test/happy/PrivateTest_44119689.jpg
test_happy_0065,happy,3,test,True,multimodal_facial_data/processed_facial/fer_2013_test_happy_0065.jpg,multimodal_facial_data/raw_facial/fer2013/test/happy/PrivateTest_70553471.jpg
test_happy_0066,happy,3,test,True,multimodal_facial_data/processed_facial/fer_2013_test_happy_0066.jpg,multimodal_facial_data/raw_facial/fer2013/test/happy/PublicTest_99626406.jpg
test_happy_0067,happy,3,test,True,multimodal_facial_data/processed_facial/fer_2013_test_happy_0067.jpg,multimodal_facial_data/raw_facial/fer2013/test/happy/PrivateTest_62939761.jpg
test_happy_0068,happy,3,test,False,multimodal_facial_data/processed_facial/fer_2013_test_happy_0068.jpg,multimodal_facial_data/raw_facial/fer2013/test/happy/PublicTest_97150877.jpg
test_happy_0069,happy,3,test,True,multimodal_facial_data/processed_facial/fer_2013_test_happy_0069.jpg,multimodal_facial_data/raw_facial/fer2013/test/happy/PublicTest_55677946.jpg
test_happy_0070,happy,3,test,True,multimodal_facial_data/processed_facial/fer_2013_test_happy_0070.jpg,multimodal_facial_data/raw_facial/fer2013/test/happy/PrivateTest_39183439.jpg
test_happy_0071,happy,3,test,True,multimodal_facial_data/processed_facial/fer_2013_test_happy_0071.jpg,multimodal_facial_data/raw_facial/fer2013/test/happy/PublicTest_31399969.jpg
test_happy_0072,happy,3,test,True,multimodal_facial_data/processed_facial/fer_2013_test_happy_0072.jpg,multimodal_facial_data/raw_facial/fer2013/test/happy/PublicTest_42656224.jpg
test_happy_0073,happy,3,test,True,multimodal_facial_data/processed_facial/fer_2013_test_happy_0073.jpg,multimodal_facial_data/raw_facial/fer2013/test/happy/PublicTest_16930057.jpg
test_happy_0074,happy,3,test,True,multimodal_facial_data/processed_facial/fer_2013_test_happy_0074.jpg,multimodal_facial_data/raw_facial/fer2013/test/happy/PrivateTest_85920247.jpg
test_happy_0075,happy,3,test,True,multimodal_facial_data/processed_facial/fer_2013_test_happy_0075.jpg,multimodal_facial_data/raw_facial/fer2013/test/happy/PrivateTest_50671595.jpg
test_happy_0076,happy,3,test,True,multimodal_facial_data/processed_facial/fer_2013_test_happy_0076.jpg,multimodal_facial_data/raw_facial/fer2013/test/happy/PublicTest_28647115.jpg
test_happy_0077,happy,3,test,False,multimodal_facial_data/processed_facial/fer_2013_test_happy_0077.jpg,multimodal_facial_data/raw_facial/fer2013/test/happy/PrivateTest_90198447.jpg
test_happy_0078,happy,3,test,True,multimodal_facial_data/processed_facial/fer_2013_test_happy_0078.jpg,multimodal_facial_data/raw_facial/fer2013/test/happy/PrivateTest_25055249.jpg
test_happy_0079,happy,3,test,True,multimodal_facial_data/processed_facial/fer_2013_test_happy_0079.jpg,multimodal_facial_data/raw_facial/fer2013/test/happy/PrivateTest_87143512.jpg
test_happy_0080,happy,3,test,True,multimodal_facial_data/processed_facial/fer_2013_test_happy_0080.jpg,multimodal_facial_data/raw_facial/fer2013/test/happy/PublicTest_73676066.jpg
test_happy_0081,happy,3,test,False,multimodal_facial_data/processed_facial/fer_2013_test_happy_0081.jpg,multimodal_facial_data/raw_facial/fer2013/test/happy/PublicTest_55178437.jpg
test_happy_0082,happy,3,test,True,multimodal_facial_data/processed_facial/fer_2013_test_happy_0082.jpg,multimodal_facial_data/raw_facial/fer2013/test/happy/PrivateTest_58430001.jpg
test_happy_0083,happy,3,test,False,multimodal_facial_data/processed_facial/fer_2013_test_happy_0083.jpg,multimodal_facial_data/raw_facial/fer2013/test/happy/PrivateTest_45910002.jpg
test_happy_0084,happy,3,test,True,multimodal_facial_data/processed_facial/fer_2013_test_happy_0084.jpg,multimodal_facial_data/raw_facial/fer2013/test/happy/PublicTest_22974283.jpg
test_happy_0085,happy,3,test,True,multimodal_facial_data/processed_facial/fer_2013_test_happy_0085.jpg,multimodal_facial_data/raw_facial/fer2013/test/happy/PublicTest_62276045.jpg
test_happy_0086,happy,3,test,True,multimodal_facial_data/processed_facial/fer_2013_test_happy_0086.jpg,multimodal_facial_data/raw_facial/fer2013/test/happy/PrivateTest_57547658.jpg
test_happy_0087,happy,3,test,True,multimodal_facial_data/processed_facial/fer_2013_test_happy_0087.jpg,multimodal_facial_data/raw_facial/fer2013/test/happy/PrivateTest_2390435.jpg
test_happy_0088,happy,3,test,True,multimodal_facial_data/processed_facial/fer_2013_test_happy_0088.jpg,multimodal_facial_data/raw_facial/fer2013/test/happy/PrivateTest_42252389.jpg
test_happy_0089,happy,3,test,True,multimodal_facial_data/processed_facial/fer_2013_test_happy_0089.jpg,multimodal_facial_data/raw_facial/fer2013/test/happy/PrivateTest_77984612.jpg
test_happy_0090,happy,3,test,True,multimodal_facial_data/processed_facial/fer_2013_test_happy_0090.jpg,multimodal_facial_data/raw_facial/fer2013/test/happy/PrivateTest_54368418.jpg
test_happy_0091,happy,3,test,True,multimodal_facial_data/processed_facial/fer_2013_test_happy_0091.jpg,multimodal_facial_data/raw_facial/fer2013/test/happy/PrivateTest_61881647.jpg
test_happy_0092,happy,3,test,True,multimodal_facial_data/processed_facial/fer_2013_test_happy_0092.jpg,multimodal_facial_data/raw_facial/fer2013/test/happy/PublicTest_38619150.jpg
test_happy_0093,happy,3,test,True,multimodal_facial_data/processed_facial/fer_2013_test_happy_0093.jpg,multimodal_facial_data/raw_facial/fer2013/test/happy/PublicTest_83097075.jpg
test_happy_0094,happy,3,test,True,multimodal_facial_data/processed_facial/fer_2013_test_happy_0094.jpg,multimodal_facial_data/raw_facial/fer2013/test/happy/PrivateTest_68696484.jpg
test_happy_0095,happy,3,test,True,multimodal_facial_data/processed_facial/fer_2013_test_happy_0095.jpg,multimodal_facial_data/raw_facial/fer2013/test/happy/PrivateTest_43551122.jpg
test_happy_0096,happy,3,test,True,multimodal_facial_data/processed_facial/fer_2013_test_happy_0096.jpg,multimodal_facial_data/raw_facial/fer2013/test/happy/PublicTest_41104919.jpg
test_happy_0097,happy,3,test,True,multimodal_facial_data/processed_facial/fer_2013_test_happy_0097.jpg,multimodal_facial_data/raw_facial/fer2013/test/happy/PublicTest_2855387.jpg
test_happy_0098,happy,3,test,True,multimodal_facial_data/processed_facial/fer_2013_test_happy_0098.jpg,multimodal_facial_data/raw_facial/fer2013/test/happy/PrivateTest_25207883.jpg
test_happy_0099,happy,3,test,False,multimodal_facial_data/processed_facial/fer_2013_test_happy_0099.jpg,multimodal_facial_data/raw_facial/fer2013/test/happy/PrivateTest_70810444.jpg
test_disgust_0000,disgust,1,test,True,multimodal_facial_data/processed_facial/fer_2013_test_disgust_0000.jpg,multimodal_facial_data/raw_facial/fer2013/test/disgust/PrivateTest_53395751.jpg
test_disgust_0001,disgust,1,test,True,multimodal_facial_data/processed_facial/fer_2013_test_disgust_0001.jpg,multimodal_facial_data/raw_facial/fer2013/test/disgust/PrivateTest_47412023.jpg
test_disgust_0002,disgust,1,test,True,multimodal_facial_data/processed_facial/fer_2013_test_disgust_0002.jpg,multimodal_facial_data/raw_facial/fer2013/test/disgust/PublicTest_75779.jpg
test_disgust_0003,disgust,1,test,True,multimodal_facial_data/processed_facial/fer_2013_test_disgust_0003.jpg,multimodal_facial_data/raw_facial/fer2013/test/disgust/PrivateTest_60490187.jpg
test_disgust_0004,disgust,1,test,True,multimodal_facial_data/processed_facial/fer_2013_test_disgust_0004.jpg,multimodal_facial_data/raw_facial/fer2013/test/disgust/PublicTest_85587942.jpg
test_disgust_0005,disgust,1,test,False,multimodal_facial_data/processed_facial/fer_2013_test_disgust_0005.jpg,multimodal_facial_data/raw_facial/fer2013/test/disgust/PrivateTest_4407805.jpg
test_disgust_0006,disgust,1,test,True,multimodal_facial_data/processed_facial/fer_2013_test_disgust_0006.jpg,multimodal_facial_data/raw_facial/fer2013/test/disgust/PrivateTest_84160446.jpg
test_disgust_0007,disgust,1,test,True,multimodal_facial_data/processed_facial/fer_2013_test_disgust_0007.jpg,multimodal_facial_data/raw_facial/fer2013/test/disgust/PrivateTest_60265572.jpg
test_disgust_0008,disgust,1,test,True,multimodal_facial_data/processed_facial/fer_2013_test_disgust_0008.jpg,multimodal_facial_data/raw_facial/fer2013/test/disgust/PublicTest_93710701.jpg
test_disgust_0009,disgust,1,test,True,multimodal_facial_data/processed_facial/fer_2013_test_disgust_0009.jpg,multimodal_facial_data/raw_facial/fer2013/test/disgust/PrivateTest_89077668.jpg
test_disgust_0010,disgust,1,test,False,multimodal_facial_data/processed_facial/fer_2013_test_disgust_0010.jpg,multimodal_facial_data/raw_facial/fer2013/test/disgust/PublicTest_56572858.jpg
test_disgust_0011,disgust,1,test,True,multimodal_facial_data/processed_facial/fer_2013_test_disgust_0011.jpg,multimodal_facial_data/raw_facial/fer2013/test/disgust/PrivateTest_46114477.jpg
test_disgust_0012,disgust,1,test,False,multimodal_facial_data/processed_facial/fer_2013_test_disgust_0012.jpg,multimodal_facial_data/raw_facial/fer2013/test/disgust/PublicTest_70868923.jpg
test_disgust_0013,disgust,1,test,True,multimodal_facial_data/processed_facial/fer_2013_test_disgust_0013.jpg,multimodal_facial_data/raw_facial/fer2013/test/disgust/PublicTest_67431170.jpg
test_disgust_0014,disgust,1,test,True,multimodal_facial_data/processed_facial/fer_2013_test_disgust_0014.jpg,multimodal_facial_data/raw_facial/fer2013/test/disgust/PublicTest_57331986.jpg
test_disgust_0015,disgust,1,test,True,multimodal_facial_data/processed_facial/fer_2013_test_disgust_0015.jpg,multimodal_facial_data/raw_facial/fer2013/test/disgust/PublicTest_48953105.jpg
test_disgust_0016,disgust,1,test,True,multimodal_facial_data/processed_facial/fer_2013_test_disgust_0016.jpg,multimodal_facial_data/raw_facial/fer2013/test/disgust/PrivateTest_71883356.jpg
test_disgust_0017,disgust,1,test,True,multimodal_facial_data/processed_facial/fer_2013_test_disgust_0017.jpg,multimodal_facial_data/raw_facial/fer2013/test/disgust/PrivateTest_3838250.jpg
test_disgust_0018,disgust,1,test,True,multimodal_facial_data/processed_facial/fer_2013_test_disgust_0018.jpg,multimodal_facial_data/raw_facial/fer2013/test/disgust/PrivateTest_76656607.jpg
test_disgust_0019,disgust,1,test,False,multimodal_facial_data/processed_facial/fer_2013_test_disgust_0019.jpg,multimodal_facial_data/raw_facial/fer2013/test/disgust/PrivateTest_99700775.jpg
test_disgust_0020,disgust,1,test,True,multimodal_facial_data/processed_facial/fer_2013_test_disgust_0020.jpg,multimodal_facial_data/raw_facial/fer2013/test/disgust/PublicTest_31237465.jpg
test_disgust_0021,disgust,1,test,True,multimodal_facial_data/processed_facial/fer_2013_test_disgust_0021.jpg,multimodal_facial_data/raw_facial/fer2013/test/disgust/PublicTest_98815442.jpg
test_disgust_0022,disgust,1,test,True,multimodal_facial_data/processed_facial/fer_2013_test_disgust_0022.jpg,multimodal_facial_data/raw_facial/fer2013/test/disgust/PrivateTest_52177909.jpg
test_disgust_0023,disgust,1,test,True,multimodal_facial_data/processed_facial/fer_2013_test_disgust_0023.jpg,multimodal_facial_data/raw_facial/fer2013/test/disgust/PrivateTest_53414692.jpg
test_disgust_0024,disgust,1,test,True,multimodal_facial_data/processed_facial/fer_2013_test_disgust_0024.jpg,multimodal_facial_data/raw_facial/fer2013/test/disgust/PublicTest_59459424.jpg
test_disgust_0025,disgust,1,test,True,multimodal_facial_data/processed_facial/fer_2013_test_disgust_0025.jpg,multimodal_facial_data/raw_facial/fer2013/test/disgust/PublicTest_1799001.jpg
test_disgust_0026,disgust,1,test,True,multimodal_facial_data/processed_facial/fer_2013_test_disgust_0026.jpg,multimodal_facial_data/raw_facial/fer2013/test/disgust/PublicTest_84280276.jpg
test_disgust_0027,disgust,1,test,True,multimodal_facial_data/processed_facial/fer_2013_test_disgust_0027.jpg,multimodal_facial_data/raw_facial/fer2013/test/disgust/PrivateTest_3929526.jpg
test_disgust_0028,disgust,1,test,True,multimodal_facial_data/processed_facial/fer_2013_test_disgust_0028.jpg,multimodal_facial_data/raw_facial/fer2013/test/disgust/PublicTest_11387162.jpg
test_disgust_0029,disgust,1,test,True,multimodal_facial_data/processed_facial/fer_2013_test_disgust_0029.jpg,multimodal_facial_data/raw_facial/fer2013/test/disgust/PublicTest_41393563.jpg
test_disgust_0030,disgust,1,test,True,multimodal_facial_data/processed_facial/fer_2013_test_disgust_0030.jpg,multimodal_facial_data/raw_facial/fer2013/test/disgust/PrivateTest_4783181.jpg
test_disgust_0031,disgust,1,test,True,multimodal_facial_data/processed_facial/fer_2013_test_disgust_0031.jpg,multimodal_facial_data/raw_facial/fer2013/test/disgust/PrivateTest_98947037.jpg
test_disgust_0032,disgust,1,test,True,multimodal_facial_data/processed_facial/fer_2013_test_disgust_0032.jpg,multimodal_facial_data/raw_facial/fer2013/test/disgust/PrivateTest_4396496.jpg
test_disgust_0033,disgust,1,test,True,multimodal_facial_data/processed_facial/fer_2013_test_disgust_0033.jpg,multimodal_facial_data/raw_facial/fer2013/test/disgust/PrivateTest_19671520.jpg
test_disgust_0034,disgust,1,test,True,multimodal_facial_data/processed_facial/fer_2013_test_disgust_0034.jpg,multimodal_facial_data/raw_facial/fer2013/test/disgust/PrivateTest_34013087.jpg
test_disgust_0035,disgust,1,test,False,multimodal_facial_data/processed_facial/fer_2013_test_disgust_0035.jpg,multimodal_facial_data/raw_facial/fer2013/test/disgust/PublicTest_86861373.jpg
test_disgust_0036,disgust,1,test,True,multimodal_facial_data/processed_facial/fer_2013_test_disgust_0036.jpg,multimodal_facial_data/raw_facial/fer2013/test/disgust/PrivateTest_50594067.jpg
test_disgust_0037,disgust,1,test,True,multimodal_facial_data/processed_facial/fer_2013_test_disgust_0037.jpg,multimodal_facial_data/raw_facial/fer2013/test/disgust/PrivateTest_79831191.jpg
test_disgust_0038,disgust,1,test,True,multimodal_facial_data/processed_facial/fer_2013_test_disgust_0038.jpg,multimodal_facial_data/raw_facial/fer2013/test/disgust/PrivateTest_21629266.jpg
test_disgust_0039,disgust,1,test,True,multimodal_facial_data/processed_facial/fer_2013_test_disgust_0039.jpg,multimodal_facial_data/raw_facial/fer2013/test/disgust/PrivateTest_79683471.jpg
test_disgust_0040,disgust,1,test,True,multimodal_facial_data/processed_facial/fer_2013_test_disgust_0040.jpg,multimodal_facial_data/raw_facial/fer2013/test/disgust/PublicTest_39191720.jpg
test_disgust_0041,disgust,1,test,True,multimodal_facial_data/processed_facial/fer_2013_test_disgust_0041.jpg,multimodal_facial_data/raw_facial/fer2013/test/disgust/PrivateTest_3881740.jpg
test_disgust_0042,disgust,1,test,True,multimodal_facial_data/processed_facial/fer_2013_test_disgust_0042.jpg,multimodal_facial_data/raw_facial/fer2013/test/disgust/PublicTest_78907529.jpg
test_disgust_0043,disgust,1,test,True,multimodal_facial_data/processed_facial/fer_2013_test_disgust_0043.jpg,multimodal_facial_data/raw_facial/fer2013/test/disgust/PublicTest_15595284.jpg
test_disgust_0044,disgust,1,test,True,multimodal_facial_data/processed_facial/fer_2013_test_disgust_0044.jpg,multimodal_facial_data/raw_facial/fer2013/test/disgust/PrivateTest_60065393.jpg
test_disgust_0045,disgust,1,test,True,multimodal_facial_data/processed_facial/fer_2013_test_disgust_0045.jpg,multimodal_facial_data/raw_facial/fer2013/test/disgust/PrivateTest_30523217.jpg
test_disgust_0046,disgust,1,test,True,multimodal_facial_data/processed_facial/fer_2013_test_disgust_0046.jpg,multimodal_facial_data/raw_facial/fer2013/test/disgust/PublicTest_58268614.jpg
test_disgust_0047,disgust,1,test,True,multimodal_facial_data/processed_facial/fer_2013_test_disgust_0047.jpg,multimodal_facial_data/raw_facial/fer2013/test/disgust/PrivateTest_88910113.jpg
test_disgust_0048,disgust,1,test,True,multimodal_facial_data/processed_facial/fer_2013_test_disgust_0048.jpg,multimodal_facial_data/raw_facial/fer2013/test/disgust/PrivateTest_36724992.jpg
test_disgust_0049,disgust,1,test,True,multimodal_facial_data/processed_facial/fer_2013_test_disgust_0049.jpg,multimodal_facial_data/raw_facial/fer2013/test/disgust/PrivateTest_80468582.jpg
test_disgust_0050,disgust,1,test,True,multimodal_facial_data/processed_facial/fer_2013_test_disgust_0050.jpg,multimodal_facial_data/raw_facial/fer2013/test/disgust/PrivateTest_38750068.jpg
test_disgust_0051,disgust,1,test,True,multimodal_facial_data/processed_facial/fer_2013_test_disgust_0051.jpg,multimodal_facial_data/raw_facial/fer2013/test/disgust/PrivateTest_36627671.jpg
test_disgust_0052,disgust,1,test,True,multimodal_facial_data/processed_facial/fer_2013_test_disgust_0052.jpg,multimodal_facial_data/raw_facial/fer2013/test/disgust/PublicTest_75786377.jpg
test_disgust_0053,disgust,1,test,True,multimodal_facial_data/processed_facial/fer_2013_test_disgust_0053.jpg,multimodal_facial_data/raw_facial/fer2013/test/disgust/PrivateTest_87187926.jpg
test_disgust_0054,disgust,1,test,False,multimodal_facial_data/processed_facial/fer_2013_test_disgust_0054.jpg,multimodal_facial_data/raw_facial/fer2013/test/disgust/PrivateTest_87787006.jpg
test_disgust_0055,disgust,1,test,True,multimodal_facial_data/processed_facial/fer_2013_test_disgust_0055.jpg,multimodal_facial_data/raw_facial/fer2013/test/disgust/PrivateTest_29901781.jpg
test_disgust_0056,disgust,1,test,False,multimodal_facial_data/processed_facial/fer_2013_test_disgust_0056.jpg,multimodal_facial_data/raw_facial/fer2013/test/disgust/PrivateTest_57834460.jpg
test_disgust_0057,disgust,1,test,True,multimodal_facial_data/processed_facial/fer_2013_test_disgust_0057.jpg,multimodal_facial_data/raw_facial/fer2013/test/disgust/PublicTest_35686619.jpg
test_disgust_0058,disgust,1,test,True,multimodal_facial_data/processed_facial/fer_2013_test_disgust_0058.jpg,multimodal_facial_data/raw_facial/fer2013/test/disgust/PrivateTest_40016880.jpg
test_disgust_0059,disgust,1,test,False,multimodal_facial_data/processed_facial/fer_2013_test_disgust_0059.jpg,multimodal_facial_data/raw_facial/fer2013/test/disgust/PrivateTest_6783917.jpg
test_disgust_0060,disgust,1,test,True,multimodal_facial_data/processed_facial/fer_2013_test_disgust_0060.jpg,multimodal_facial_data/raw_facial/fer2013/test/disgust/PrivateTest_85928336.jpg
test_disgust_0061,disgust,1,test,True,multimodal_facial_data/processed_facial/fer_2013_test_disgust_0061.jpg,multimodal_facial_data/raw_facial/fer2013/test/disgust/PublicTest_99162116.jpg
test_disgust_0062,disgust,1,test,True,multimodal_facial_data/processed_facial/fer_2013_test_disgust_0062.jpg,multimodal_facial_data/raw_facial/fer2013/test/disgust/PrivateTest_62447860.jpg
test_disgust_0063,disgust,1,test,True,multimodal_facial_data/processed_facial/fer_2013_test_disgust_0063.jpg,multimodal_facial_data/raw_facial/fer2013/test/disgust/PublicTest_97476336.jpg
test_disgust_0064,disgust,1,test,True,multimodal_facial_data/processed_facial/fer_2013_test_disgust_0064.jpg,multimodal_facial_data/raw_facial/fer2013/test/disgust/PublicTest_67559665.jpg
test_disgust_0065,disgust,1,test,True,multimodal_facial_data/processed_facial/fer_2013_test_disgust_0065.jpg,multimodal_facial_data/raw_facial/fer2013/test/disgust/PrivateTest_26306320.jpg
test_disgust_0066,disgust,1,test,True,multimodal_facial_data/processed_facial/fer_2013_test_disgust_0066.jpg,multimodal_facial_data/raw_facial/fer2013/test/disgust/PublicTest_9982221.jpg
test_disgust_0067,disgust,1,test,True,multimodal_facial_data/processed_facial/fer_2013_test_disgust_0067.jpg,multimodal_facial_data/raw_facial/fer2013/test/disgust/PrivateTest_79216084.jpg
test_disgust_0068,disgust,1,test,True,multimodal_facial_data/processed_facial/fer_2013_test_disgust_0068.jpg,multimodal_facial_data/raw_facial/fer2013/test/disgust/PublicTest_67735286.jpg
test_disgust_0069,disgust,1,test,True,multimodal_facial_data/processed_facial/fer_2013_test_disgust_0069.jpg,multimodal_facial_data/raw_facial/fer2013/test/disgust/PublicTest_84732279.jpg
test_disgust_0070,disgust,1,test,True,multimodal_facial_data/processed_facial/fer_2013_test_disgust_0070.jpg,multimodal_facial_data/raw_facial/fer2013/test/disgust/PublicTest_43293519.jpg
test_disgust_0071,disgust,1,test,True,multimodal_facial_data/processed_facial/fer_2013_test_disgust_0071.jpg,multimodal_facial_data/raw_facial/fer2013/test/disgust/PrivateTest_84635755.jpg
test_disgust_0072,disgust,1,test,True,multimodal_facial_data/processed_facial/fer_2013_test_disgust_0072.jpg,multimodal_facial_data/raw_facial/fer2013/test/disgust/PublicTest_60245179.jpg
test_disgust_0073,disgust,1,test,True,multimodal_facial_data/processed_facial/fer_2013_test_disgust_0073.jpg,multimodal_facial_data/raw_facial/fer2013/test/disgust/PrivateTest_51400934.jpg
test_disgust_0074,disgust,1,test,True,multimodal_facial_data/processed_facial/fer_2013_test_disgust_0074.jpg,multimodal_facial_data/raw_facial/fer2013/test/disgust/PublicTest_49034123.jpg
test_disgust_0075,disgust,1,test,True,multimodal_facial_data/processed_facial/fer_2013_test_disgust_0075.jpg,multimodal_facial_data/raw_facial/fer2013/test/disgust/PublicTest_37923555.jpg
test_disgust_0076,disgust,1,test,True,multimodal_facial_data/processed_facial/fer_2013_test_disgust_0076.jpg,multimodal_facial_data/raw_facial/fer2013/test/disgust/PublicTest_1145545.jpg
test_disgust_0077,disgust,1,test,True,multimodal_facial_data/processed_facial/fer_2013_test_disgust_0077.jpg,multimodal_facial_data/raw_facial/fer2013/test/disgust/PublicTest_9727119.jpg
test_disgust_0078,disgust,1,test,True,multimodal_facial_data/processed_facial/fer_2013_test_disgust_0078.jpg,multimodal_facial_data/raw_facial/fer2013/test/disgust/PublicTest_52803288.jpg
test_disgust_0079,disgust,1,test,True,multimodal_facial_data/processed_facial/fer_2013_test_disgust_0079.jpg,multimodal_facial_data/raw_facial/fer2013/test/disgust/PublicTest_15466645.jpg
test_disgust_0080,disgust,1,test,True,multimodal_facial_data/processed_facial/fer_2013_test_disgust_0080.jpg,multimodal_facial_data/raw_facial/fer2013/test/disgust/PrivateTest_22382996.jpg
test_disgust_0081,disgust,1,test,True,multimodal_facial_data/processed_facial/fer_2013_test_disgust_0081.jpg,multimodal_facial_data/raw_facial/fer2013/test/disgust/PrivateTest_91247555.jpg
test_disgust_0082,disgust,1,test,True,multimodal_facial_data/processed_facial/fer_2013_test_disgust_0082.jpg,multimodal_facial_data/raw_facial/fer2013/test/disgust/PrivateTest_71031546.jpg
test_disgust_0083,disgust,1,test,True,multimodal_facial_data/processed_facial/fer_2013_test_disgust_0083.jpg,multimodal_facial_data/raw_facial/fer2013/test/disgust/PrivateTest_93390752.jpg
test_disgust_0084,disgust,1,test,True,multimodal_facial_data/processed_facial/fer_2013_test_disgust_0084.jpg,multimodal_facial_data/raw_facial/fer2013/test/disgust/PublicTest_30164595.jpg
test_disgust_0085,disgust,1,test,True,multimodal_facial_data/processed_facial/fer_2013_test_disgust_0085.jpg,multimodal_facial_data/raw_facial/fer2013/test/disgust/PublicTest_2183494.jpg
test_disgust_0086,disgust,1,test,True,multimodal_facial_data/processed_facial/fer_2013_test_disgust_0086.jpg,multimodal_facial_data/raw_facial/fer2013/test/disgust/PublicTest_16053137.jpg
test_disgust_0087,disgust,1,test,False,multimodal_facial_data/processed_facial/fer_2013_test_disgust_0087.jpg,multimodal_facial_data/raw_facial/fer2013/test/disgust/PublicTest_57583458.jpg
test_disgust_0088,disgust,1,test,True,multimodal_facial_data/processed_facial/fer_2013_test_disgust_0088.jpg,multimodal_facial_data/raw_facial/fer2013/test/disgust/PublicTest_48565094.jpg
test_disgust_0089,disgust,1,test,True,multimodal_facial_data/processed_facial/fer_2013_test_disgust_0089.jpg,multimodal_facial_data/raw_facial/fer2013/test/disgust/PublicTest_86888698.jpg
test_disgust_0090,disgust,1,test,True,multimodal_facial_data/processed_facial/fer_2013_test_disgust_0090.jpg,multimodal_facial_data/raw_facial/fer2013/test/disgust/PrivateTest_34426922.jpg
test_disgust_0091,disgust,1,test,True,multimodal_facial_data/processed_facial/fer_2013_test_disgust_0091.jpg,multimodal_facial_data/raw_facial/fer2013/test/disgust/PublicTest_1274561.jpg
test_disgust_0092,disgust,1,test,True,multimodal_facial_data/processed_facial/fer_2013_test_disgust_0092.jpg,multimodal_facial_data/raw_facial/fer2013/test/disgust/PrivateTest_95250268.jpg
test_disgust_0093,disgust,1,test,True,multimodal_facial_data/processed_facial/fer_2013_test_disgust_0093.jpg,multimodal_facial_data/raw_facial/fer2013/test/disgust/PublicTest_75935933.jpg
test_disgust_0094,disgust,1,test,True,multimodal_facial_data/processed_facial/fer_2013_test_disgust_0094.jpg,multimodal_facial_data/raw_facial/fer2013/test/disgust/PublicTest_79534348.jpg
test_disgust_0095,disgust,1,test,True,multimodal_facial_data/processed_facial/fer_2013_test_disgust_0095.jpg,multimodal_facial_data/raw_facial/fer2013/test/disgust/PublicTest_83844004.jpg
test_disgust_0096,disgust,1,test,False,multimodal_facial_data/processed_facial/fer_2013_test_disgust_0096.jpg,multimodal_facial_data/raw_facial/fer2013/test/disgust/PrivateTest_98799539.jpg
test_disgust_0097,disgust,1,test,True,multimodal_facial_data/processed_facial/fer_2013_test_disgust_0097.jpg,multimodal_facial_data/raw_facial/fer2013/test/disgust/PublicTest_82624961.jpg
test_disgust_0098,disgust,1,test,False,multimodal_facial_data/processed_facial/fer_2013_test_disgust_0098.jpg,multimodal_facial_data/raw_facial/fer2013/test/disgust/PublicTest_41633403.jpg
test_disgust_0099,disgust,1,test,True,multimodal_facial_data/processed_facial/fer_2013_test_disgust_0099.jpg,multimodal_facial_data/raw_facial/fer2013/test/disgust/PublicTest_28485599.jpg
test_angry_0000,angry,0,test,True,multimodal_facial_data/processed_facial/fer_2013_test_angry_0000.jpg,multimodal_facial_data/raw_facial/fer2013/test/angry/PublicTest_87821224.jpg
test_angry_0001,angry,0,test,True,multimodal_facial_data/processed_facial/fer_2013_test_angry_0001.jpg,multimodal_facial_data/raw_facial/fer2013/test/angry/PublicTest_76875834.jpg
test_angry_0002,angry,0,test,True,multimodal_facial_data/processed_facial/fer_2013_test_angry_0002.jpg,multimodal_facial_data/raw_facial/fer2013/test/angry/PublicTest_59161828.jpg
test_angry_0003,angry,0,test,True,multimodal_facial_data/processed_facial/fer_2013_test_angry_0003.jpg,multimodal_facial_data/raw_facial/fer2013/test/angry/PrivateTest_98386339.jpg
test_angry_0004,angry,0,test,True,multimodal_facial_data/processed_facial/fer_2013_test_angry_0004.jpg,multimodal_facial_data/raw_facial/fer2013/test/angry/PrivateTest_96123615.jpg
test_angry_0005,angry,0,test,True,multimodal_facial_data/processed_facial/fer_2013_test_angry_0005.jpg,multimodal_facial_data/raw_facial/fer2013/test/angry/PrivateTest_73956607.jpg
test_angry_0006,angry,0,test,True,multimodal_facial_data/processed_facial/fer_2013_test_angry_0006.jpg,multimodal_facial_data/raw_facial/fer2013/test/angry/PublicTest_81632115.jpg
test_angry_0007,angry,0,test,True,multimodal_facial_data/processed_facial/fer_2013_test_angry_0007.jpg,multimodal_facial_data/raw_facial/fer2013/test/angry/PrivateTest_2642370.jpg
test_angry_0008,angry,0,test,True,multimodal_facial_data/processed_facial/fer_2013_test_angry_0008.jpg,multimodal_facial_data/raw_facial/fer2013/test/angry/PrivateTest_28291041.jpg
test_angry_0009,angry,0,test,True,multimodal_facial_data/processed_facial/fer_2013_test_angry_0009.jpg,multimodal_facial_data/raw_facial/fer2013/test/angry/PrivateTest_37336573.jpg
test_angry_0010,angry,0,test,True,multimodal_facial_data/processed_facial/fer_2013_test_angry_0010.jpg,multimodal_facial_data/raw_facial/fer2013/test/angry/PublicTest_96104154.jpg
test_angry_0011,angry,0,test,True,multimodal_facial_data/processed_facial/fer_2013_test_angry_0011.jpg,multimodal_facial_data/raw_facial/fer2013/test/angry/PrivateTest_2328297.jpg
test_angry_0012,angry,0,test,True,multimodal_facial_data/processed_facial/fer_2013_test_angry_0012.jpg,multimodal_facial_data/raw_facial/fer2013/test/angry/PrivateTest_35600895.jpg
test_angry_0013,angry,0,test,True,multimodal_facial_data/processed_facial/fer_2013_test_angry_0013.jpg,multimodal_facial_data/raw_facial/fer2013/test/angry/PrivateTest_53657743.jpg
test_angry_0014,angry,0,test,False,multimodal_facial_data/processed_facial/fer_2013_test_angry_0014.jpg,multimodal_facial_data/raw_facial/fer2013/test/angry/PrivateTest_60168295.jpg
test_angry_0015,angry,0,test,True,multimodal_facial_data/processed_facial/fer_2013_test_angry_0015.jpg,multimodal_facial_data/raw_facial/fer2013/test/angry/PrivateTest_45986528.jpg
test_angry_0016,angry,0,test,True,multimodal_facial_data/processed_facial/fer_2013_test_angry_0016.jpg,multimodal_facial_data/raw_facial/fer2013/test/angry/PublicTest_3218764.jpg
test_angry_0017,angry,0,test,True,multimodal_facial_data/processed_facial/fer_2013_test_angry_0017.jpg,multimodal_facial_data/raw_facial/fer2013/test/angry/PrivateTest_73119240.jpg
test_angry_0018,angry,0,test,True,multimodal_facial_data/processed_facial/fer_2013_test_angry_0018.jpg,multimodal_facial_data/raw_facial/fer2013/test/angry/PublicTest_49898176.jpg
test_angry_0019,angry,0,test,False,multimodal_facial_data/processed_facial/fer_2013_test_angry_0019.jpg,multimodal_facial_data/raw_facial/fer2013/test/angry/PrivateTest_11296953.jpg
test_angry_0020,angry,0,test,True,multimodal_facial_data/processed_facial/fer_2013_test_angry_0020.jpg,multimodal_facial_data/raw_facial/fer2013/test/angry/PrivateTest_38961013.jpg
test_angry_0021,angry,0,test,True,multimodal_facial_data/processed_facial/fer_2013_test_angry_0021.jpg,multimodal_facial_data/raw_facial/fer2013/test/angry/PrivateTest_82725382.jpg
test_angry_0022,angry,0,test,True,multimodal_facial_data/processed_facial/fer_2013_test_angry_0022.jpg,multimodal_facial_data/raw_facial/fer2013/test/angry/PrivateTest_83425567.jpg
test_angry_0023,angry,0,test,True,multimodal_facial_data/processed_facial/fer_2013_test_angry_0023.jpg,multimodal_facial_data/raw_facial/fer2013/test/angry/PrivateTest_59881597.jpg
test_angry_0024,angry,0,test,True,multimodal_facial_data/processed_facial/fer_2013_test_angry_0024.jpg,multimodal_facial_data/raw_facial/fer2013/test/angry/PublicTest_74133311.jpg
test_angry_0025,angry,0,test,True,multimodal_facial_data/processed_facial/fer_2013_test_angry_0025.jpg,multimodal_facial_data/raw_facial/fer2013/test/angry/PublicTest_16745237.jpg
test_angry_0026,angry,0,test,True,multimodal_facial_data/processed_facial/fer_2013_test_angry_0026.jpg,multimodal_facial_data/raw_facial/fer2013/test/angry/PrivateTest_79141944.jpg
test_angry_0027,angry,0,test,True,multimodal_facial_data/processed_facial/fer_2013_test_angry_0027.jpg,multimodal_facial_data/raw_facial/fer2013/test/angry/PublicTest_7340890.jpg
test_angry_0028,angry,0,test,True,multimodal_facial_data/processed_facial/fer_2013_test_angry_0028.jpg,multimodal_facial_data/raw_facial/fer2013/test/angry/PrivateTest_87989162.jpg
test_angry_0029,angry,0,test,True,multimodal_facial_data/processed_facial/fer_2013_test_angry_0029.jpg,multimodal_facial_data/raw_facial/fer2013/test/angry/PrivateTest_27811265.jpg
test_angry_0030,angry,0,test,True,multimodal_facial_data/processed_facial/fer_2013_test_angry_0030.jpg,multimodal_facial_data/raw_facial/fer2013/test/angry/PublicTest_87391496.jpg
test_angry_0031,angry,0,test,True,multimodal_facial_data/processed_facial/fer_2013_test_angry_0031.jpg,multimodal_facial_data/raw_facial/fer2013/test/angry/PrivateTest_51551462.jpg
test_angry_0032,angry,0,test,True,multimodal_facial_data/processed_facial/fer_2013_test_angry_0032.jpg,multimodal_facial_data/raw_facial/fer2013/test/angry/PrivateTest_56782878.jpg
test_angry_0033,angry,0,test,True,multimodal_facial_data/processed_facial/fer_2013_test_angry_0033.jpg,multimodal_facial_data/raw_facial/fer2013/test/angry/PrivateTest_25922801.jpg
test_angry_0034,angry,0,test,True,multimodal_facial_data/processed_facial/fer_2013_test_angry_0034.jpg,multimodal_facial_data/raw_facial/fer2013/test/angry/PublicTest_99646813.jpg
test_angry_0035,angry,0,test,True,multimodal_facial_data/processed_facial/fer_2013_test_angry_0035.jpg,multimodal_facial_data/raw_facial/fer2013/test/angry/PublicTest_96557391.jpg
test_angry_0036,angry,0,test,False,multimodal_facial_data/processed_facial/fer_2013_test_angry_0036.jpg,multimodal_facial_data/raw_facial/fer2013/test/angry/PublicTest_63017102.jpg
test_angry_0037,angry,0,test,True,multimodal_facial_data/processed_facial/fer_2013_test_angry_0037.jpg,multimodal_facial_data/raw_facial/fer2013/test/angry/PublicTest_94398991.jpg
test_angry_0038,angry,0,test,False,multimodal_facial_data/processed_facial/fer_2013_test_angry_0038.jpg,multimodal_facial_data/raw_facial/fer2013/test/angry/PublicTest_84522114.jpg
test_angry_0039,angry,0,test,True,multimodal_facial_data/processed_facial/fer_2013_test_angry_0039.jpg,multimodal_facial_data/raw_facial/fer2013/test/angry/PublicTest_77035165.jpg
test_angry_0040,angry,0,test,True,multimodal_facial_data/processed_facial/fer_2013_test_angry_0040.jpg,multimodal_facial_data/raw_facial/fer2013/test/angry/PrivateTest_49253639.jpg
test_angry_0041,angry,0,test,True,multimodal_facial_data/processed_facial/fer_2013_test_angry_0041.jpg,multimodal_facial_data/raw_facial/fer2013/test/angry/PublicTest_1355981.jpg
test_angry_0042,angry,0,test,True,multimodal_facial_data/processed_facial/fer_2013_test_angry_0042.jpg,multimodal_facial_data/raw_facial/fer2013/test/angry/PrivateTest_44118054.jpg
test_angry_0043,angry,0,test,True,multimodal_facial_data/processed_facial/fer_2013_test_angry_0043.jpg,multimodal_facial_data/raw_facial/fer2013/test/angry/PublicTest_50664677.jpg
test_angry_0044,angry,0,test,True,multimodal_facial_data/processed_facial/fer_2013_test_angry_0044.jpg,multimodal_facial_data/raw_facial/fer2013/test/angry/PrivateTest_14426977.jpg
test_angry_0045,angry,0,test,True,multimodal_facial_data/processed_facial/fer_2013_test_angry_0045.jpg,multimodal_facial_data/raw_facial/fer2013/test/angry/PublicTest_18682426.jpg
test_angry_0046,angry,0,test,False,multimodal_facial_data/processed_facial/fer_2013_test_angry_0046.jpg,multimodal_facial_data/raw_facial/fer2013/test/angry/PrivateTest_65112072.jpg
test_angry_0047,angry,0,test,True,multimodal_facial_data/processed_facial/fer_2013_test_angry_0047.jpg,multimodal_facial_data/raw_facial/fer2013/test/angry/PublicTest_79854224.jpg
test_angry_0048,angry,0,test,True,multimodal_facial_data/processed_facial/fer_2013_test_angry_0048.jpg,multimodal_facial_data/raw_facial/fer2013/test/angry/PublicTest_62277373.jpg
test_angry_0049,angry,0,test,True,multimodal_facial_data/processed_facial/fer_2013_test_angry_0049.jpg,multimodal_facial_data/raw_facial/fer2013/test/angry/PrivateTest_7969511.jpg
test_angry_0050,angry,0,test,True,multimodal_facial_data/processed_facial/fer_2013_test_angry_0050.jpg,multimodal_facial_data/raw_facial/fer2013/test/angry/PrivateTest_41125468.jpg
test_angry_0051,angry,0,test,True,multimodal_facial_data/processed_facial/fer_2013_test_angry_0051.jpg,multimodal_facial_data/raw_facial/fer2013/test/angry/PublicTest_98752607.jpg
test_angry_0052,angry,0,test,True,multimodal_facial_data/processed_facial/fer_2013_test_angry_0052.jpg,multimodal_facial_data/raw_facial/fer2013/test/angry/PrivateTest_58992250.jpg
test_angry_0053,angry,0,test,True,multimodal_facial_data/processed_facial/fer_2013_test_angry_0053.jpg,multimodal_facial_data/raw_facial/fer2013/test/angry/PublicTest_86413860.jpg
test_angry_0054,angry,0,test,True,multimodal_facial_data/processed_facial/fer_2013_test_angry_0054.jpg,multimodal_facial_data/raw_facial/fer2013/test/angry/PrivateTest_68166022.jpg
test_angry_0055,angry,0,test,True,multimodal_facial_data/processed_facial/fer_2013_test_angry_0055.jpg,multimodal_facial_data/raw_facial/fer2013/test/angry/PrivateTest_9877914.jpg
test_angry_0056,angry,0,test,True,multimodal_facial_data/processed_facial/fer_2013_test_angry_0056.jpg,multimodal_facial_data/raw_facial/fer2013/test/angry/PrivateTest_43692546.jpg
test_angry_0057,angry,0,test,True,multimodal_facial_data/processed_facial/fer_2013_test_angry_0057.jpg,multimodal_facial_data/raw_facial/fer2013/test/angry/PublicTest_335516.jpg
test_angry_0058,angry,0,test,True,multimodal_facial_data/processed_facial/fer_2013_test_angry_0058.jpg,multimodal_facial_data/raw_facial/fer2013/test/angry/PrivateTest_88305.jpg
test_angry_0059,angry,0,test,True,multimodal_facial_data/processed_facial/fer_2013_test_angry_0059.jpg,multimodal_facial_data/raw_facial/fer2013/test/angry/PublicTest_80585398.jpg
test_angry_0060,angry,0,test,True,multimodal_facial_data/processed_facial/fer_2013_test_angry_0060.jpg,multimodal_facial_data/raw_facial/fer2013/test/angry/PublicTest_50685895.jpg
test_angry_0061,angry,0,test,True,multimodal_facial_data/processed_facial/fer_2013_test_angry_0061.jpg,multimodal_facial_data/raw_facial/fer2013/test/angry/PrivateTest_1488292.jpg
test_angry_0062,angry,0,test,True,multimodal_facial_data/processed_facial/fer_2013_test_angry_0062.jpg,multimodal_facial_data/raw_facial/fer2013/test/angry/PublicTest_46653575.jpg
test_angry_0063,angry,0,test,True,multimodal_facial_data/processed_facial/fer_2013_test_angry_0063.jpg,multimodal_facial_data/raw_facial/fer2013/test/angry/PrivateTest_73419397.jpg
test_angry_0064,angry,0,test,True,multimodal_facial_data/processed_facial/fer_2013_test_angry_0064.jpg,multimodal_facial_data/raw_facial/fer2013/test/angry/PrivateTest_51716447.jpg
test_angry_0065,angry,0,test,True,multimodal_facial_data/processed_facial/fer_2013_test_angry_0065.jpg,multimodal_facial_data/raw_facial/fer2013/test/angry/PrivateTest_12191716.jpg
test_angry_0066,angry,0,test,False,multimodal_facial_data/processed_facial/fer_2013_test_angry_0066.jpg,multimodal_facial_data/raw_facial/fer2013/test/angry/PrivateTest_90676809.jpg
test_angry_0067,angry,0,test,True,multimodal_facial_data/processed_facial/fer_2013_test_angry_0067.jpg,multimodal_facial_data/raw_facial/fer2013/test/angry/PublicTest_78810808.jpg
test_angry_0068,angry,0,test,True,multimodal_facial_data/processed_facial/fer_2013_test_angry_0068.jpg,multimodal_facial_data/raw_facial/fer2013/test/angry/PublicTest_87739948.jpg
test_angry_0069,angry,0,test,True,multimodal_facial_data/processed_facial/fer_2013_test_angry_0069.jpg,multimodal_facial_data/raw_facial/fer2013/test/angry/PrivateTest_46589085.jpg
test_angry_0070,angry,0,test,True,multimodal_facial_data/processed_facial/fer_2013_test_angry_0070.jpg,multimodal_facial_data/raw_facial/fer2013/test/angry/PublicTest_67087752.jpg
test_angry_0071,angry,0,test,True,multimodal_facial_data/processed_facial/fer_2013_test_angry_0071.jpg,multimodal_facial_data/raw_facial/fer2013/test/angry/PrivateTest_20789399.jpg
test_angry_0072,angry,0,test,True,multimodal_facial_data/processed_facial/fer_2013_test_angry_0072.jpg,multimodal_facial_data/raw_facial/fer2013/test/angry/PublicTest_23643566.jpg
test_angry_0073,angry,0,test,True,multimodal_facial_data/processed_facial/fer_2013_test_angry_0073.jpg,multimodal_facial_data/raw_facial/fer2013/test/angry/PublicTest_62957329.jpg
test_angry_0074,angry,0,test,True,multimodal_facial_data/processed_facial/fer_2013_test_angry_0074.jpg,multimodal_facial_data/raw_facial/fer2013/test/angry/PublicTest_47452496.jpg
test_angry_0075,angry,0,test,True,multimodal_facial_data/processed_facial/fer_2013_test_angry_0075.jpg,multimodal_facial_data/raw_facial/fer2013/test/angry/PublicTest_24586863.jpg
test_angry_0076,angry,0,test,True,multimodal_facial_data/processed_facial/fer_2013_test_angry_0076.jpg,multimodal_facial_data/raw_facial/fer2013/test/angry/PrivateTest_69790470.jpg
test_angry_0077,angry,0,test,True,multimodal_facial_data/processed_facial/fer_2013_test_angry_0077.jpg,multimodal_facial_data/raw_facial/fer2013/test/angry/PublicTest_55350348.jpg
test_angry_0078,angry,0,test,True,multimodal_facial_data/processed_facial/fer_2013_test_angry_0078.jpg,multimodal_facial_data/raw_facial/fer2013/test/angry/PublicTest_9139860.jpg
test_angry_0079,angry,0,test,True,multimodal_facial_data/processed_facial/fer_2013_test_angry_0079.jpg,multimodal_facial_data/raw_facial/fer2013/test/angry/PublicTest_5964952.jpg
test_angry_0080,angry,0,test,True,multimodal_facial_data/processed_facial/fer_2013_test_angry_0080.jpg,multimodal_facial_data/raw_facial/fer2013/test/angry/PublicTest_71123225.jpg
test_angry_0081,angry,0,test,True,multimodal_facial_data/processed_facial/fer_2013_test_angry_0081.jpg,multimodal_facial_data/raw_facial/fer2013/test/angry/PrivateTest_38920534.jpg
test_angry_0082,angry,0,test,True,multimodal_facial_data/processed_facial/fer_2013_test_angry_0082.jpg,multimodal_facial_data/raw_facial/fer2013/test/angry/PublicTest_99365116.jpg
test_angry_0083,angry,0,test,True,multimodal_facial_data/processed_facial/fer_2013_test_angry_0083.jpg,multimodal_facial_data/raw_facial/fer2013/test/angry/PrivateTest_27211238.jpg
test_angry_0084,angry,0,test,False,multimodal_facial_data/processed_facial/fer_2013_test_angry_0084.jpg,multimodal_facial_data/raw_facial/fer2013/test/angry/PublicTest_40341899.jpg
test_angry_0085,angry,0,test,True,multimodal_facial_data/processed_facial/fer_2013_test_angry_0085.jpg,multimodal_facial_data/raw_facial/fer2013/test/angry/PrivateTest_26910183.jpg
test_angry_0086,angry,0,test,True,multimodal_facial_data/processed_facial/fer_2013_test_angry_0086.jpg,multimodal_facial_data/raw_facial/fer2013/test/angry/PrivateTest_8109968.jpg
test_angry_0087,angry,0,test,True,multimodal_facial_data/processed_facial/fer_2013_test_angry_0087.jpg,multimodal_facial_data/raw_facial/fer2013/test/angry/PublicTest_9617686.jpg
test_angry_0088,angry,0,test,False,multimodal_facial_data/processed_facial/fer_2013_test_angry_0088.jpg,multimodal_facial_data/raw_facial/fer2013/test/angry/PublicTest_29103816.jpg
test_angry_0089,angry,0,test,True,multimodal_facial_data/processed_facial/fer_2013_test_angry_0089.jpg,multimodal_facial_data/raw_facial/fer2013/test/angry/PrivateTest_48166716.jpg
test_angry_0090,angry,0,test,False,multimodal_facial_data/processed_facial/fer_2013_test_angry_0090.jpg,multimodal_facial_data/raw_facial/fer2013/test/angry/PrivateTest_6097367.jpg
test_angry_0091,angry,0,test,False,multimodal_facial_data/processed_facial/fer_2013_test_angry_0091.jpg,multimodal_facial_data/raw_facial/fer2013/test/angry/PublicTest_12919755.jpg
test_angry_0092,angry,0,test,True,multimodal_facial_data/processed_facial/fer_2013_test_angry_0092.jpg,multimodal_facial_data/raw_facial/fer2013/test/angry/PublicTest_13591263.jpg
test_angry_0093,angry,0,test,False,multimodal_facial_data/processed_facial/fer_2013_test_angry_0093.jpg,multimodal_facial_data/raw_facial/fer2013/test/angry/PrivateTest_48897228.jpg
test_angry_0094,angry,0,test,True,multimodal_facial_data/processed_facial/fer_2013_test_angry_0094.jpg,multimodal_facial_data/raw_facial/fer2013/test/angry/PrivateTest_91006137.jpg
test_angry_0095,angry,0,test,True,multimodal_facial_data/processed_facial/fer_2013_test_angry_0095.jpg,multimodal_facial_data/raw_facial/fer2013/test/angry/PublicTest_78493974.jpg
test_angry_0096,angry,0,test,True,multimodal_facial_data/processed_facial/fer_2013_test_angry_0096.jpg,multimodal_facial_data/raw_facial/fer2013/test/angry/PublicTest_57918595.jpg
test_angry_0097,angry,0,test,True,multimodal_facial_data/processed_facial/fer_2013_test_angry_0097.jpg,multimodal_facial_data/raw_facial/fer2013/test/angry/PrivateTest_31013095.jpg
test_angry_0098,angry,0,test,True,multimodal_facial_data/processed_facial/fer_2013_test_angry_0098.jpg,multimodal_facial_data/raw_facial/fer2013/test/angry/PrivateTest_83885737.jpg
test_angry_0099,angry,0,test,True,multimodal_facial_data/processed_facial/fer_2013_test_angry_0099.jpg,multimodal_facial_data/raw_facial/fer2013/test/angry/PublicTest_71579768.jpg
test_surprise_0000,surprise,5,test,True,multimodal_facial_data/processed_facial/fer_2013_test_surprise_0000.jpg,multimodal_facial_data/raw_facial/fer2013/test/surprise/PublicTest_78809741.jpg
test_surprise_0001,surprise,5,test,True,multimodal_facial_data/processed_facial/fer_2013_test_surprise_0001.jpg,multimodal_facial_data/raw_facial/fer2013/test/surprise/PublicTest_29569925.jpg
test_surprise_0002,surprise,5,test,True,multimodal_facial_data/processed_facial/fer_2013_test_surprise_0002.jpg,multimodal_facial_data/raw_facial/fer2013/test/surprise/PrivateTest_53078668.jpg
test_surprise_0003,surprise,5,test,True,multimodal_facial_data/processed_facial/fer_2013_test_surprise_0003.jpg,multimodal_facial_data/raw_facial/fer2013/test/surprise/PrivateTest_84658197.jpg
test_surprise_0004,surprise,5,test,True,multimodal_facial_data/processed_facial/fer_2013_test_surprise_0004.jpg,multimodal_facial_data/raw_facial/fer2013/test/surprise/PublicTest_47639345.jpg
test_surprise_0005,surprise,5,test,True,multimodal_facial_data/processed_facial/fer_2013_test_surprise_0005.jpg,multimodal_facial_data/raw_facial/fer2013/test/surprise/PublicTest_87959338.jpg
test_surprise_0006,surprise,5,test,False,multimodal_facial_data/processed_facial/fer_2013_test_surprise_0006.jpg,multimodal_facial_data/raw_facial/fer2013/test/surprise/PrivateTest_23371947.jpg
test_surprise_0007,surprise,5,test,True,multimodal_facial_data/processed_facial/fer_2013_test_surprise_0007.jpg,multimodal_facial_data/raw_facial/fer2013/test/surprise/PrivateTest_13194846.jpg
test_surprise_0008,surprise,5,test,True,multimodal_facial_data/processed_facial/fer_2013_test_surprise_0008.jpg,multimodal_facial_data/raw_facial/fer2013/test/surprise/PrivateTest_13291266.jpg
test_surprise_0009,surprise,5,test,True,multimodal_facial_data/processed_facial/fer_2013_test_surprise_0009.jpg,multimodal_facial_data/raw_facial/fer2013/test/surprise/PrivateTest_95250872.jpg
test_surprise_0010,surprise,5,test,True,multimodal_facial_data/processed_facial/fer_2013_test_surprise_0010.jpg,multimodal_facial_data/raw_facial/fer2013/test/surprise/PrivateTest_45226282.jpg
test_surprise_0011,surprise,5,test,True,multimodal_facial_data/processed_facial/fer_2013_test_surprise_0011.jpg,multimodal_facial_data/raw_facial/fer2013/test/surprise/PrivateTest_87304390.jpg
test_surprise_0012,surprise,5,test,True,multimodal_facial_data/processed_facial/fer_2013_test_surprise_0012.jpg,multimodal_facial_data/raw_facial/fer2013/test/surprise/PublicTest_83231837.jpg
test_surprise_0013,surprise,5,test,True,multimodal_facial_data/processed_facial/fer_2013_test_surprise_0013.jpg,multimodal_facial_data/raw_facial/fer2013/test/surprise/PublicTest_36718809.jpg
test_surprise_0014,surprise,5,test,True,multimodal_facial_data/processed_facial/fer_2013_test_surprise_0014.jpg,multimodal_facial_data/raw_facial/fer2013/test/surprise/PrivateTest_66966629.jpg
test_surprise_0015,surprise,5,test,True,multimodal_facial_data/processed_facial/fer_2013_test_surprise_0015.jpg,multimodal_facial_data/raw_facial/fer2013/test/surprise/PublicTest_97957698.jpg
test_surprise_0016,surprise,5,test,True,multimodal_facial_data/processed_facial/fer_2013_test_surprise_0016.jpg,multimodal_facial_data/raw_facial/fer2013/test/surprise/PrivateTest_82049883.jpg
test_surprise_0017,surprise,5,test,True,multimodal_facial_data/processed_facial/fer_2013_test_surprise_0017.jpg,multimodal_facial_data/raw_facial/fer2013/test/surprise/PrivateTest_50616965.jpg
test_surprise_0018,surprise,5,test,True,multimodal_facial_data/processed_facial/fer_2013_test_surprise_0018.jpg,multimodal_facial_data/raw_facial/fer2013/test/surprise/PublicTest_35396845.jpg
test_surprise_0019,surprise,5,test,True,multimodal_facial_data/processed_facial/fer_2013_test_surprise_0019.jpg,multimodal_facial_data/raw_facial/fer2013/test/surprise/PrivateTest_75723378.jpg
test_surprise_0020,surprise,5,test,True,multimodal_facial_data/processed_facial/fer_2013_test_surprise_0020.jpg,multimodal_facial_data/raw_facial/fer2013/test/surprise/PrivateTest_50683363.jpg
test_surprise_0021,surprise,5,test,True,multimodal_facial_data/processed_facial/fer_2013_test_surprise_0021.jpg,multimodal_facial_data/raw_facial/fer2013/test/surprise/PublicTest_51072428.jpg
test_surprise_0022,surprise,5,test,True,multimodal_facial_data/processed_facial/fer_2013_test_surprise_0022.jpg,multimodal_facial_data/raw_facial/fer2013/test/surprise/PrivateTest_11664182.jpg
test_surprise_0023,surprise,5,test,True,multimodal_facial_data/processed_facial/fer_2013_test_surprise_0023.jpg,multimodal_facial_data/raw_facial/fer2013/test/surprise/PrivateTest_78614220.jpg
test_surprise_0024,surprise,5,test,True,multimodal_facial_data/processed_facial/fer_2013_test_surprise_0024.jpg,multimodal_facial_data/raw_facial/fer2013/test/surprise/PublicTest_16678610.jpg
test_surprise_0025,surprise,5,test,True,multimodal_facial_data/processed_facial/fer_2013_test_surprise_0025.jpg,multimodal_facial_data/raw_facial/fer2013/test/surprise/PublicTest_53655471.jpg
test_surprise_0026,surprise,5,test,True,multimodal_facial_data/processed_facial/fer_2013_test_surprise_0026.jpg,multimodal_facial_data/raw_facial/fer2013/test/surprise/PrivateTest_80135557.jpg
test_surprise_0027,surprise,5,test,True,multimodal_facial_data/processed_facial/fer_2013_test_surprise_0027.jpg,multimodal_facial_data/raw_facial/fer2013/test/surprise/PublicTest_60383922.jpg
test_surprise_0028,surprise,5,test,False,multimodal_facial_data/processed_facial/fer_2013_test_surprise_0028.jpg,multimodal_facial_data/raw_facial/fer2013/test/surprise/PublicTest_15635080.jpg
test_surprise_0029,surprise,5,test,True,multimodal_facial_data/processed_facial/fer_2013_test_surprise_0029.jpg,multimodal_facial_data/raw_facial/fer2013/test/surprise/PublicTest_91187876.jpg
test_surprise_0030,surprise,5,test,True,multimodal_facial_data/processed_facial/fer_2013_test_surprise_0030.jpg,multimodal_facial_data/raw_facial/fer2013/test/surprise/PublicTest_29203341.jpg
test_surprise_0031,surprise,5,test,True,multimodal_facial_data/processed_facial/fer_2013_test_surprise_0031.jpg,multimodal_facial_data/raw_facial/fer2013/test/surprise/PublicTest_40148704.jpg
test_surprise_0032,surprise,5,test,True,multimodal_facial_data/processed_facial/fer_2013_test_surprise_0032.jpg,multimodal_facial_data/raw_facial/fer2013/test/surprise/PrivateTest_85056155.jpg
test_surprise_0033,surprise,5,test,True,multimodal_facial_data/processed_facial/fer_2013_test_surprise_0033.jpg,multimodal_facial_data/raw_facial/fer2013/test/surprise/PrivateTest_39513657.jpg
test_surprise_0034,surprise,5,test,True,multimodal_facial_data/processed_facial/fer_2013_test_surprise_0034.jpg,multimodal_facial_data/raw_facial/fer2013/test/surprise/PrivateTest_95404064.jpg
test_surprise_0035,surprise,5,test,True,multimodal_facial_data/processed_facial/fer_2013_test_surprise_0035.jpg,multimodal_facial_data/raw_facial/fer2013/test/surprise/PublicTest_44774809.jpg
test_surprise_0036,surprise,5,test,True,multimodal_facial_data/processed_facial/fer_2013_test_surprise_0036.jpg,multimodal_facial_data/raw_facial/fer2013/test/surprise/PublicTest_37426588.jpg
test_surprise_0037,surprise,5,test,True,multimodal_facial_data/processed_facial/fer_2013_test_surprise_0037.jpg,multimodal_facial_data/raw_facial/fer2013/test/surprise/PrivateTest_7531182.jpg
test_surprise_0038,surprise,5,test,True,multimodal_facial_data/processed_facial/fer_2013_test_surprise_0038.jpg,multimodal_facial_data/raw_facial/fer2013/test/surprise/PublicTest_28786878.jpg
test_surprise_0039,surprise,5,test,True,multimodal_facial_data/processed_facial/fer_2013_test_surprise_0039.jpg,multimodal_facial_data/raw_facial/fer2013/test/surprise/PublicTest_48415985.jpg
test_surprise_0040,surprise,5,test,False,multimodal_facial_data/processed_facial/fer_2013_test_surprise_0040.jpg,multimodal_facial_data/raw_facial/fer2013/test/surprise/PublicTest_12795179.jpg
test_surprise_0041,surprise,5,test,True,multimodal_facial_data/processed_facial/fer_2013_test_surprise_0041.jpg,multimodal_facial_data/raw_facial/fer2013/test/surprise/PrivateTest_20800943.jpg
test_surprise_0042,surprise,5,test,True,multimodal_facial_data/processed_facial/fer_2013_test_surprise_0042.jpg,multimodal_facial_data/raw_facial/fer2013/test/surprise/PrivateTest_47843431.jpg
test_surprise_0043,surprise,5,test,True,multimodal_facial_data/processed_facial/fer_2013_test_surprise_0043.jpg,multimodal_facial_data/raw_facial/fer2013/test/surprise/PrivateTest_25765328.jpg
test_surprise_0044,surprise,5,test,True,multimodal_facial_data/processed_facial/fer_2013_test_surprise_0044.jpg,multimodal_facial_data/raw_facial/fer2013/test/surprise/PublicTest_55106444.jpg
test_surprise_0045,surprise,5,test,True,multimodal_facial_data/processed_facial/fer_2013_test_surprise_0045.jpg,multimodal_facial_data/raw_facial/fer2013/test/surprise/PrivateTest_91276966.jpg
test_surprise_0046,surprise,5,test,True,multimodal_facial_data/processed_facial/fer_2013_test_surprise_0046.jpg,multimodal_facial_data/raw_facial/fer2013/test/surprise/PublicTest_65722213.jpg
test_surprise_0047,surprise,5,test,True,multimodal_facial_data/processed_facial/fer_2013_test_surprise_0047.jpg,multimodal_facial_data/raw_facial/fer2013/test/surprise/PublicTest_66691033.jpg
test_surprise_0048,surprise,5,test,True,multimodal_facial_data/processed_facial/fer_2013_test_surprise_0048.jpg,multimodal_facial_data/raw_facial/fer2013/test/surprise/PrivateTest_15448000.jpg
test_surprise_0049,surprise,5,test,True,multimodal_facial_data/processed_facial/fer_2013_test_surprise_0049.jpg,multimodal_facial_data/raw_facial/fer2013/test/surprise/PublicTest_34958178.jpg
test_surprise_0050,surprise,5,test,True,multimodal_facial_data/processed_facial/fer_2013_test_surprise_0050.jpg,multimodal_facial_data/raw_facial/fer2013/test/surprise/PublicTest_86877135.jpg
test_surprise_0051,surprise,5,test,True,multimodal_facial_data/processed_facial/fer_2013_test_surprise_0051.jpg,multimodal_facial_data/raw_facial/fer2013/test/surprise/PublicTest_8610610.jpg
test_surprise_0052,surprise,5,test,True,multimodal_facial_data/processed_facial/fer_2013_test_surprise_0052.jpg,multimodal_facial_data/raw_facial/fer2013/test/surprise/PrivateTest_75638667.jpg
test_surprise_0053,surprise,5,test,True,multimodal_facial_data/processed_facial/fer_2013_test_surprise_0053.jpg,multimodal_facial_data/raw_facial/fer2013/test/surprise/PrivateTest_68250414.jpg
test_surprise_0054,surprise,5,test,True,multimodal_facial_data/processed_facial/fer_2013_test_surprise_0054.jpg,multimodal_facial_data/raw_facial/fer2013/test/surprise/PrivateTest_64218614.jpg
test_surprise_0055,surprise,5,test,True,multimodal_facial_data/processed_facial/fer_2013_test_surprise_0055.jpg,multimodal_facial_data/raw_facial/fer2013/test/surprise/PublicTest_72989993.jpg
test_surprise_0056,surprise,5,test,True,multimodal_facial_data/processed_facial/fer_2013_test_surprise_0056.jpg,multimodal_facial_data/raw_facial/fer2013/test/surprise/PrivateTest_53006385.jpg
test_surprise_0057,surprise,5,test,True,multimodal_facial_data/processed_facial/fer_2013_test_surprise_0057.jpg,multimodal_facial_data/raw_facial/fer2013/test/surprise/PrivateTest_20993679.jpg
test_surprise_0058,surprise,5,test,True,multimodal_facial_data/processed_facial/fer_2013_test_surprise_0058.jpg,multimodal_facial_data/raw_facial/fer2013/test/surprise/PublicTest_13980595.jpg
test_surprise_0059,surprise,5,test,True,multimodal_facial_data/processed_facial/fer_2013_test_surprise_0059.jpg,multimodal_facial_data/raw_facial/fer2013/test/surprise/PublicTest_63105509.jpg
test_surprise_0060,surprise,5,test,True,multimodal_facial_data/processed_facial/fer_2013_test_surprise_0060.jpg,multimodal_facial_data/raw_facial/fer2013/test/surprise/PrivateTest_139065.jpg
test_surprise_0061,surprise,5,test,True,multimodal_facial_data/processed_facial/fer_2013_test_surprise_0061.jpg,multimodal_facial_data/raw_facial/fer2013/test/surprise/PublicTest_47965694.jpg
test_surprise_0062,surprise,5,test,False,multimodal_facial_data/processed_facial/fer_2013_test_surprise_0062.jpg,multimodal_facial_data/raw_facial/fer2013/test/surprise/PublicTest_64619420.jpg
test_surprise_0063,surprise,5,test,True,multimodal_facial_data/processed_facial/fer_2013_test_surprise_0063.jpg,multimodal_facial_data/raw_facial/fer2013/test/surprise/PublicTest_97902387.jpg
test_surprise_0064,surprise,5,test,True,multimodal_facial_data/processed_facial/fer_2013_test_surprise_0064.jpg,multimodal_facial_data/raw_facial/fer2013/test/surprise/PublicTest_45297572.jpg
test_surprise_0065,surprise,5,test,True,multimodal_facial_data/processed_facial/fer_2013_test_surprise_0065.jpg,multimodal_facial_data/raw_facial/fer2013/test/surprise/PublicTest_18884751.jpg
test_surprise_0066,surprise,5,test,True,multimodal_facial_data/processed_facial/fer_2013_test_surprise_0066.jpg,multimodal_facial_data/raw_facial/fer2013/test/surprise/PublicTest_17886908.jpg
test_surprise_0067,surprise,5,test,False,multimodal_facial_data/processed_facial/fer_2013_test_surprise_0067.jpg,multimodal_facial_data/raw_facial/fer2013/test/surprise/PublicTest_18350292.jpg
test_surprise_0068,surprise,5,test,False,multimodal_facial_data/processed_facial/fer_2013_test_surprise_0068.jpg,multimodal_facial_data/raw_facial/fer2013/test/surprise/PublicTest_81424820.jpg
test_surprise_0069,surprise,5,test,True,multimodal_facial_data/processed_facial/fer_2013_test_surprise_0069.jpg,multimodal_facial_data/raw_facial/fer2013/test/surprise/PublicTest_15746138.jpg
test_surprise_0070,surprise,5,test,True,multimodal_facial_data/processed_facial/fer_2013_test_surprise_0070.jpg,multimodal_facial_data/raw_facial/fer2013/test/surprise/PublicTest_60031524.jpg
test_surprise_0071,surprise,5,test,True,multimodal_facial_data/processed_facial/fer_2013_test_surprise_0071.jpg,multimodal_facial_data/raw_facial/fer2013/test/surprise/PublicTest_71265996.jpg
test_surprise_0072,surprise,5,test,True,multimodal_facial_data/processed_facial/fer_2013_test_surprise_0072.jpg,multimodal_facial_data/raw_facial/fer2013/test/surprise/PrivateTest_66788337.jpg
test_surprise_0073,surprise,5,test,True,multimodal_facial_data/processed_facial/fer_2013_test_surprise_0073.jpg,multimodal_facial_data/raw_facial/fer2013/test/surprise/PrivateTest_12516829.jpg
test_surprise_0074,surprise,5,test,True,multimodal_facial_data/processed_facial/fer_2013_test_surprise_0074.jpg,multimodal_facial_data/raw_facial/fer2013/test/surprise/PublicTest_72207843.jpg
test_surprise_0075,surprise,5,test,True,multimodal_facial_data/processed_facial/fer_2013_test_surprise_0075.jpg,multimodal_facial_data/raw_facial/fer2013/test/surprise/PrivateTest_21253405.jpg
test_surprise_0076,surprise,5,test,True,multimodal_facial_data/processed_facial/fer_2013_test_surprise_0076.jpg,multimodal_facial_data/raw_facial/fer2013/test/surprise/PrivateTest_39767990.jpg
test_surprise_0077,surprise,5,test,True,multimodal_facial_data/processed_facial/fer_2013_test_surprise_0077.jpg,multimodal_facial_data/raw_facial/fer2013/test/surprise/PublicTest_77715773.jpg
test_surprise_0078,surprise,5,test,True,multimodal_facial_data/processed_facial/fer_2013_test_surprise_0078.jpg,multimodal_facial_data/raw_facial/fer2013/test/surprise/PrivateTest_73205039.jpg
test_surprise_0079,surprise,5,test,True,multimodal_facial_data/processed_facial/fer_2013_test_surprise_0079.jpg,multimodal_facial_data/raw_facial/fer2013/test/surprise/PrivateTest_10712253.jpg
test_surprise_0080,surprise,5,test,True,multimodal_facial_data/processed_facial/fer_2013_test_surprise_0080.jpg,multimodal_facial_data/raw_facial/fer2013/test/surprise/PrivateTest_73073050.jpg
test_surprise_0081,surprise,5,test,True,multimodal_facial_data/processed_facial/fer_2013_test_surprise_0081.jpg,multimodal_facial_data/raw_facial/fer2013/test/surprise/PublicTest_8587491.jpg
test_surprise_0082,surprise,5,test,True,multimodal_facial_data/processed_facial/fer_2013_test_surprise_0082.jpg,multimodal_facial_data/raw_facial/fer2013/test/surprise/PrivateTest_54022427.jpg
test_surprise_0083,surprise,5,test,True,multimodal_facial_data/processed_facial/fer_2013_test_surprise_0083.jpg,multimodal_facial_data/raw_facial/fer2013/test/surprise/PrivateTest_66332069.jpg
test_surprise_0084,surprise,5,test,True,multimodal_facial_data/processed_facial/fer_2013_test_surprise_0084.jpg,multimodal_facial_data/raw_facial/fer2013/test/surprise/PrivateTest_14561216.jpg
test_surprise_0085,surprise,5,test,True,multimodal_facial_data/processed_facial/fer_2013_test_surprise_0085.jpg,multimodal_facial_data/raw_facial/fer2013/test/surprise/PrivateTest_84156685.jpg
test_surprise_0086,surprise,5,test,True,multimodal_facial_data/processed_facial/fer_2013_test_surprise_0086.jpg,multimodal_facial_data/raw_facial/fer2013/test/surprise/PrivateTest_48016910.jpg
test_surprise_0087,surprise,5,test,True,multimodal_facial_data/processed_facial/fer_2013_test_surprise_0087.jpg,multimodal_facial_data/raw_facial/fer2013/test/surprise/PrivateTest_43656605.jpg
test_surprise_0088,surprise,5,test,True,multimodal_facial_data/processed_facial/fer_2013_test_surprise_0088.jpg,multimodal_facial_data/raw_facial/fer2013/test/surprise/PrivateTest_74775203.jpg
test_surprise_0089,surprise,5,test,True,multimodal_facial_data/processed_facial/fer_2013_test_surprise_0089.jpg,multimodal_facial_data/raw_facial/fer2013/test/surprise/PrivateTest_75549401.jpg
test_surprise_0090,surprise,5,test,True,multimodal_facial_data/processed_facial/fer_2013_test_surprise_0090.jpg,multimodal_facial_data/raw_facial/fer2013/test/surprise/PrivateTest_39436840.jpg
test_surprise_0091,surprise,5,test,True,multimodal_facial_data/processed_facial/fer_2013_test_surprise_0091.jpg,multimodal_facial_data/raw_facial/fer2013/test/surprise/PublicTest_40559227.jpg
test_surprise_0092,surprise,5,test,True,multimodal_facial_data/processed_facial/fer_2013_test_surprise_0092.jpg,multimodal_facial_data/raw_facial/fer2013/test/surprise/PublicTest_7556977.jpg
test_surprise_0093,surprise,5,test,True,multimodal_facial_data/processed_facial/fer_2013_test_surprise_0093.jpg,multimodal_facial_data/raw_facial/fer2013/test/surprise/PublicTest_65640293.jpg
test_surprise_0094,surprise,5,test,True,multimodal_facial_data/processed_facial/fer_2013_test_surprise_0094.jpg,multimodal_facial_data/raw_facial/fer2013/test/surprise/PrivateTest_16764169.jpg
test_surprise_0095,surprise,5,test,True,multimodal_facial_data/processed_facial/fer_2013_test_surprise_0095.jpg,multimodal_facial_data/raw_facial/fer2013/test/surprise/PrivateTest_77901708.jpg
test_surprise_0096,surprise,5,test,True,multimodal_facial_data/processed_facial/fer_2013_test_surprise_0096.jpg,multimodal_facial_data/raw_facial/fer2013/test/surprise/PublicTest_25064886.jpg
test_surprise_0097,surprise,5,test,True,multimodal_facial_data/processed_facial/fer_2013_test_surprise_0097.jpg,multimodal_facial_data/raw_facial/fer2013/test/surprise/PrivateTest_22866077.jpg
test_surprise_0098,surprise,5,test,True,multimodal_facial_data/processed_facial/fer_2013_test_surprise_0098.jpg,multimodal_facial_data/raw_facial/fer2013/test/surprise/PublicTest_98567249.jpg
test_surprise_0099,surprise,5,test,True,multimodal_facial_data/processed_facial/fer_2013_test_surprise_0099.jpg,multimodal_facial_data/raw_facial/fer2013/test/surprise/PrivateTest_59347947.jpg
test_neutral_0000,neutral,6,test,True,multimodal_facial_data/processed_facial/fer_2013_test_neutral_0000.jpg,multimodal_facial_data/raw_facial/fer2013/test/neutral/PublicTest_14444813.jpg
test_neutral_0001,neutral,6,test,True,multimodal_facial_data/processed_facial/fer_2013_test_neutral_0001.jpg,multimodal_facial_data/raw_facial/fer2013/test/neutral/PublicTest_72994915.jpg
test_neutral_0002,neutral,6,test,True,multimodal_facial_data/processed_facial/fer_2013_test_neutral_0002.jpg,multimodal_facial_data/raw_facial/fer2013/test/neutral/PublicTest_2729310.jpg
test_neutral_0003,neutral,6,test,True,multimodal_facial_data/processed_facial/fer_2013_test_neutral_0003.jpg,multimodal_facial_data/raw_facial/fer2013/test/neutral/PublicTest_33104445.jpg
test_neutral_0004,neutral,6,test,True,multimodal_facial_data/processed_facial/fer_2013_test_neutral_0004.jpg,multimodal_facial_data/raw_facial/fer2013/test/neutral/PrivateTest_64699842.jpg
test_neutral_0005,neutral,6,test,True,multimodal_facial_data/processed_facial/fer_2013_test_neutral_0005.jpg,multimodal_facial_data/raw_facial/fer2013/test/neutral/PrivateTest_85251764.jpg
test_neutral_0006,neutral,6,test,True,multimodal_facial_data/processed_facial/fer_2013_test_neutral_0006.jpg,multimodal_facial_data/raw_facial/fer2013/test/neutral/PrivateTest_58189040.jpg
test_neutral_0007,neutral,6,test,True,multimodal_facial_data/processed_facial/fer_2013_test_neutral_0007.jpg,multimodal_facial_data/raw_facial/fer2013/test/neutral/PublicTest_3852772.jpg
test_neutral_0008,neutral,6,test,True,multimodal_facial_data/processed_facial/fer_2013_test_neutral_0008.jpg,multimodal_facial_data/raw_facial/fer2013/test/neutral/PublicTest_88385583.jpg
test_neutral_0009,neutral,6,test,True,multimodal_facial_data/processed_facial/fer_2013_test_neutral_0009.jpg,multimodal_facial_data/raw_facial/fer2013/test/neutral/PrivateTest_69339694.jpg
test_neutral_0010,neutral,6,test,True,multimodal_facial_data/processed_facial/fer_2013_test_neutral_0010.jpg,multimodal_facial_data/raw_facial/fer2013/test/neutral/PrivateTest_73671533.jpg
test_neutral_0011,neutral,6,test,True,multimodal_facial_data/processed_facial/fer_2013_test_neutral_0011.jpg,multimodal_facial_data/raw_facial/fer2013/test/neutral/PrivateTest_60521672.jpg
test_neutral_0012,neutral,6,test,True,multimodal_facial_data/processed_facial/fer_2013_test_neutral_0012.jpg,multimodal_facial_data/raw_facial/fer2013/test/neutral/PublicTest_69383833.jpg
test_neutral_0013,neutral,6,test,True,multimodal_facial_data/processed_facial/fer_2013_test_neutral_0013.jpg,multimodal_facial_data/raw_facial/fer2013/test/neutral/PublicTest_84039346.jpg
test_neutral_0014,neutral,6,test,True,multimodal_facial_data/processed_facial/fer_2013_test_neutral_0014.jpg,multimodal_facial_data/raw_facial/fer2013/test/neutral/PublicTest_17920889.jpg
test_neutral_0015,neutral,6,test,True,multimodal_facial_data/processed_facial/fer_2013_test_neutral_0015.jpg,multimodal_facial_data/raw_facial/fer2013/test/neutral/PrivateTest_55569991.jpg
test_neutral_0016,neutral,6,test,True,multimodal_facial_data/processed_facial/fer_2013_test_neutral_0016.jpg,multimodal_facial_data/raw_facial/fer2013/test/neutral/PublicTest_13547400.jpg
test_neutral_0017,neutral,6,test,True,multimodal_facial_data/processed_facial/fer_2013_test_neutral_0017.jpg,multimodal_facial_data/raw_facial/fer2013/test/neutral/PrivateTest_33686401.jpg
test_neutral_0018,neutral,6,test,True,multimodal_facial_data/processed_facial/fer_2013_test_neutral_0018.jpg,multimodal_facial_data/raw_facial/fer2013/test/neutral/PublicTest_99219117.jpg
test_neutral_0019,neutral,6,test,True,multimodal_facial_data/processed_facial/fer_2013_test_neutral_0019.jpg,multimodal_facial_data/raw_facial/fer2013/test/neutral/PublicTest_94872045.jpg
test_neutral_0020,neutral,6,test,True,multimodal_facial_data/processed_facial/fer_2013_test_neutral_0020.jpg,multimodal_facial_data/raw_facial/fer2013/test/neutral/PublicTest_68623235.jpg
test_neutral_0021,neutral,6,test,True,multimodal_facial_data/processed_facial/fer_2013_test_neutral_0021.jpg,multimodal_facial_data/raw_facial/fer2013/test/neutral/PublicTest_92784039.jpg
test_neutral_0022,neutral,6,test,True,multimodal_facial_data/processed_facial/fer_2013_test_neutral_0022.jpg,multimodal_facial_data/raw_facial/fer2013/test/neutral/PrivateTest_70002587.jpg
test_neutral_0023,neutral,6,test,True,multimodal_facial_data/processed_facial/fer_2013_test_neutral_0023.jpg,multimodal_facial_data/raw_facial/fer2013/test/neutral/PublicTest_33419198.jpg
test_neutral_0024,neutral,6,test,True,multimodal_facial_data/processed_facial/fer_2013_test_neutral_0024.jpg,multimodal_facial_data/raw_facial/fer2013/test/neutral/PublicTest_84796810.jpg
test_neutral_0025,neutral,6,test,True,multimodal_facial_data/processed_facial/fer_2013_test_neutral_0025.jpg,multimodal_facial_data/raw_facial/fer2013/test/neutral/PublicTest_80029307.jpg
test_neutral_0026,neutral,6,test,True,multimodal_facial_data/processed_facial/fer_2013_test_neutral_0026.jpg,multimodal_facial_data/raw_facial/fer2013/test/neutral/PrivateTest_29418341.jpg
test_neutral_0027,neutral,6,test,True,multimodal_facial_data/processed_facial/fer_2013_test_neutral_0027.jpg,multimodal_facial_data/raw_facial/fer2013/test/neutral/PublicTest_21955065.jpg
test_neutral_0028,neutral,6,test,False,multimodal_facial_data/processed_facial/fer_2013_test_neutral_0028.jpg,multimodal_facial_data/raw_facial/fer2013/test/neutral/PrivateTest_54768007.jpg
test_neutral_0029,neutral,6,test,True,multimodal_facial_data/processed_facial/fer_2013_test_neutral_0029.jpg,multimodal_facial_data/raw_facial/fer2013/test/neutral/PrivateTest_50523939.jpg
test_neutral_0030,neutral,6,test,True,multimodal_facial_data/processed_facial/fer_2013_test_neutral_0030.jpg,multimodal_facial_data/raw_facial/fer2013/test/neutral/PrivateTest_43663527.jpg
test_neutral_0031,neutral,6,test,True,multimodal_facial_data/processed_facial/fer_2013_test_neutral_0031.jpg,multimodal_facial_data/raw_facial/fer2013/test/neutral/PrivateTest_12201145.jpg
test_neutral_0032,neutral,6,test,True,multimodal_facial_data/processed_facial/fer_2013_test_neutral_0032.jpg,multimodal_facial_data/raw_facial/fer2013/test/neutral/PublicTest_22536640.jpg
test_neutral_0033,neutral,6,test,True,multimodal_facial_data/processed_facial/fer_2013_test_neutral_0033.jpg,multimodal_facial_data/raw_facial/fer2013/test/neutral/PublicTest_61313241.jpg
test_neutral_0034,neutral,6,test,True,multimodal_facial_data/processed_facial/fer_2013_test_neutral_0034.jpg,multimodal_facial_data/raw_facial/fer2013/test/neutral/PrivateTest_70574500.jpg
test_neutral_0035,neutral,6,test,True,multimodal_facial_data/processed_facial/fer_2013_test_neutral_0035.jpg,multimodal_facial_data/raw_facial/fer2013/test/neutral/PublicTest_93279355.jpg
test_neutral_0036,neutral,6,test,True,multimodal_facial_data/processed_facial/fer_2013_test_neutral_0036.jpg,multimodal_facial_data/raw_facial/fer2013/test/neutral/PublicTest_59740213.jpg
test_neutral_0037,neutral,6,test,True,multimodal_facial_data/processed_facial/fer_2013_test_neutral_0037.jpg,multimodal_facial_data/raw_facial/fer2013/test/neutral/PrivateTest_81689390.jpg
test_neutral_0038,neutral,6,test,True,multimodal_facial_data/processed_facial/fer_2013_test_neutral_0038.jpg,multimodal_facial_data/raw_facial/fer2013/test/neutral/PrivateTest_73359121.jpg
test_neutral_0039,neutral,6,test,True,multimodal_facial_data/processed_facial/fer_2013_test_neutral_0039.jpg,multimodal_facial_data/raw_facial/fer2013/test/neutral/PublicTest_86444127.jpg
test_neutral_0040,neutral,6,test,True,multimodal_facial_data/processed_facial/fer_2013_test_neutral_0040.jpg,multimodal_facial_data/raw_facial/fer2013/test/neutral/PublicTest_66786769.jpg
test_neutral_0041,neutral,6,test,True,multimodal_facial_data/processed_facial/fer_2013_test_neutral_0041.jpg,multimodal_facial_data/raw_facial/fer2013/test/neutral/PublicTest_97469237.jpg
test_neutral_0042,neutral,6,test,True,multimodal_facial_data/processed_facial/fer_2013_test_neutral_0042.jpg,multimodal_facial_data/raw_facial/fer2013/test/neutral/PublicTest_53666068.jpg
test_neutral_0043,neutral,6,test,True,multimodal_facial_data/processed_facial/fer_2013_test_neutral_0043.jpg,multimodal_facial_data/raw_facial/fer2013/test/neutral/PublicTest_63723339.jpg
test_neutral_0044,neutral,6,test,True,multimodal_facial_data/processed_facial/fer_2013_test_neutral_0044.jpg,multimodal_facial_data/raw_facial/fer2013/test/neutral/PublicTest_16168281.jpg
test_neutral_0045,neutral,6,test,True,multimodal_facial_data/processed_facial/fer_2013_test_neutral_0045.jpg,multimodal_facial_data/raw_facial/fer2013/test/neutral/PublicTest_37199908.jpg
test_neutral_0046,neutral,6,test,True,multimodal_facial_data/processed_facial/fer_2013_test_neutral_0046.jpg,multimodal_facial_data/raw_facial/fer2013/test/neutral/PrivateTest_77212302.jpg
test_neutral_0047,neutral,6,test,True,multimodal_facial_data/processed_facial/fer_2013_test_neutral_0047.jpg,multimodal_facial_data/raw_facial/fer2013/test/neutral/PublicTest_132870.jpg
test_neutral_0048,neutral,6,test,True,multimodal_facial_data/processed_facial/fer_2013_test_neutral_0048.jpg,multimodal_facial_data/raw_facial/fer2013/test/neutral/PublicTest_64610783.jpg
test_neutral_0049,neutral,6,test,True,multimodal_facial_data/processed_facial/fer_2013_test_neutral_0049.jpg,multimodal_facial_data/raw_facial/fer2013/test/neutral/PublicTest_29922615.jpg
test_neutral_0050,neutral,6,test,True,multimodal_facial_data/processed_facial/fer_2013_test_neutral_0050.jpg,multimodal_facial_data/raw_facial/fer2013/test/neutral/PublicTest_93759800.jpg
test_neutral_0051,neutral,6,test,True,multimodal_facial_data/processed_facial/fer_2013_test_neutral_0051.jpg,multimodal_facial_data/raw_facial/fer2013/test/neutral/PrivateTest_95984650.jpg
test_neutral_0052,neutral,6,test,True,multimodal_facial_data/processed_facial/fer_2013_test_neutral_0052.jpg,multimodal_facial_data/raw_facial/fer2013/test/neutral/PrivateTest_38800045.jpg
test_neutral_0053,neutral,6,test,True,multimodal_facial_data/processed_facial/fer_2013_test_neutral_0053.jpg,multimodal_facial_data/raw_facial/fer2013/test/neutral/PrivateTest_47172948.jpg
test_neutral_0054,neutral,6,test,True,multimodal_facial_data/processed_facial/fer_2013_test_neutral_0054.jpg,multimodal_facial_data/raw_facial/fer2013/test/neutral/PrivateTest_48443831.jpg
test_neutral_0055,neutral,6,test,True,multimodal_facial_data/processed_facial/fer_2013_test_neutral_0055.jpg,multimodal_facial_data/raw_facial/fer2013/test/neutral/PrivateTest_90730699.jpg
test_neutral_0056,neutral,6,test,True,multimodal_facial_data/processed_facial/fer_2013_test_neutral_0056.jpg,multimodal_facial_data/raw_facial/fer2013/test/neutral/PublicTest_10549803.jpg
test_neutral_0057,neutral,6,test,True,multimodal_facial_data/processed_facial/fer_2013_test_neutral_0057.jpg,multimodal_facial_data/raw_facial/fer2013/test/neutral/PrivateTest_38538533.jpg
test_neutral_0058,neutral,6,test,True,multimodal_facial_data/processed_facial/fer_2013_test_neutral_0058.jpg,multimodal_facial_data/raw_facial/fer2013/test/neutral/PrivateTest_72304056.jpg
test_neutral_0059,neutral,6,test,True,multimodal_facial_data/processed_facial/fer_2013_test_neutral_0059.jpg,multimodal_facial_data/raw_facial/fer2013/test/neutral/PublicTest_27662575.jpg
test_neutral_0060,neutral,6,test,True,multimodal_facial_data/processed_facial/fer_2013_test_neutral_0060.jpg,multimodal_facial_data/raw_facial/fer2013/test/neutral/PublicTest_7279458.jpg
test_neutral_0061,neutral,6,test,False,multimodal_facial_data/processed_facial/fer_2013_test_neutral_0061.jpg,multimodal_facial_data/raw_facial/fer2013/test/neutral/PrivateTest_70085308.jpg
test_neutral_0062,neutral,6,test,True,multimodal_facial_data/processed_facial/fer_2013_test_neutral_0062.jpg,multimodal_facial_data/raw_facial/fer2013/test/neutral/PublicTest_86522152.jpg
test_neutral_0063,neutral,6,test,True,multimodal_facial_data/processed_facial/fer_2013_test_neutral_0063.jpg,multimodal_facial_data/raw_facial/fer2013/test/neutral/PublicTest_47955706.jpg
test_neutral_0064,neutral,6,test,True,multimodal_facial_data/processed_facial/fer_2013_test_neutral_0064.jpg,multimodal_facial_data/raw_facial/fer2013/test/neutral/PublicTest_34345576.jpg
test_neutral_0065,neutral,6,test,True,multimodal_facial_data/processed_facial/fer_2013_test_neutral_0065.jpg,multimodal_facial_data/raw_facial/fer2013/test/neutral/PublicTest_44664076.jpg
test_neutral_0066,neutral,6,test,True,multimodal_facial_data/processed_facial/fer_2013_test_neutral_0066.jpg,multimodal_facial_data/raw_facial/fer2013/test/neutral/PublicTest_91778170.jpg
test_neutral_0067,neutral,6,test,True,multimodal_facial_data/processed_facial/fer_2013_test_neutral_0067.jpg,multimodal_facial_data/raw_facial/fer2013/test/neutral/PrivateTest_13654203.jpg
test_neutral_0068,neutral,6,test,True,multimodal_facial_data/processed_facial/fer_2013_test_neutral_0068.jpg,multimodal_facial_data/raw_facial/fer2013/test/neutral/PublicTest_84943287.jpg
test_neutral_0069,neutral,6,test,True,multimodal_facial_data/processed_facial/fer_2013_test_neutral_0069.jpg,multimodal_facial_data/raw_facial/fer2013/test/neutral/PublicTest_34971246.jpg
test_neutral_0070,neutral,6,test,True,multimodal_facial_data/processed_facial/fer_2013_test_neutral_0070.jpg,multimodal_facial_data/raw_facial/fer2013/test/neutral/PublicTest_45397697.jpg
test_neutral_0071,neutral,6,test,True,multimodal_facial_data/processed_facial/fer_2013_test_neutral_0071.jpg,multimodal_facial_data/raw_facial/fer2013/test/neutral/PublicTest_85862002.jpg
test_neutral_0072,neutral,6,test,True,multimodal_facial_data/processed_facial/fer_2013_test_neutral_0072.jpg,multimodal_facial_data/raw_facial/fer2013/test/neutral/PublicTest_74372912.jpg
test_neutral_0073,neutral,6,test,True,multimodal_facial_data/processed_facial/fer_2013_test_neutral_0073.jpg,multimodal_facial_data/raw_facial/fer2013/test/neutral/PublicTest_91836372.jpg
test_neutral_0074,neutral,6,test,True,multimodal_facial_data/processed_facial/fer_2013_test_neutral_0074.jpg,multimodal_facial_data/raw_facial/fer2013/test/neutral/PublicTest_77136259.jpg
test_neutral_0075,neutral,6,test,True,multimodal_facial_data/processed_facial/fer_2013_test_neutral_0075.jpg,multimodal_facial_data/raw_facial/fer2013/test/neutral/PrivateTest_79348425.jpg
test_neutral_0076,neutral,6,test,True,multimodal_facial_data/processed_facial/fer_2013_test_neutral_0076.jpg,multimodal_facial_data/raw_facial/fer2013/test/neutral/PrivateTest_59497529.jpg
test_neutral_0077,neutral,6,test,True,multimodal_facial_data/processed_facial/fer_2013_test_neutral_0077.jpg,multimodal_facial_data/raw_facial/fer2013/test/neutral/PrivateTest_33390774.jpg
test_neutral_0078,neutral,6,test,True,multimodal_facial_data/processed_facial/fer_2013_test_neutral_0078.jpg,multimodal_facial_data/raw_facial/fer2013/test/neutral/PrivateTest_53123254.jpg
test_neutral_0079,neutral,6,test,True,multimodal_facial_data/processed_facial/fer_2013_test_neutral_0079.jpg,multimodal_facial_data/raw_facial/fer2013/test/neutral/PublicTest_74968210.jpg
test_neutral_0080,neutral,6,test,True,multimodal_facial_data/processed_facial/fer_2013_test_neutral_0080.jpg,multimodal_facial_data/raw_facial/fer2013/test/neutral/PublicTest_10726845.jpg
test_neutral_0081,neutral,6,test,True,multimodal_facial_data/processed_facial/fer_2013_test_neutral_0081.jpg,multimodal_facial_data/raw_facial/fer2013/test/neutral/PublicTest_85967214.jpg
test_neutral_0082,neutral,6,test,True,multimodal_facial_data/processed_facial/fer_2013_test_neutral_0082.jpg,multimodal_facial_data/raw_facial/fer2013/test/neutral/PrivateTest_23717683.jpg
test_neutral_0083,neutral,6,test,True,multimodal_facial_data/processed_facial/fer_2013_test_neutral_0083.jpg,multimodal_facial_data/raw_facial/fer2013/test/neutral/PublicTest_23417843.jpg
test_neutral_0084,neutral,6,test,True,multimodal_facial_data/processed_facial/fer_2013_test_neutral_0084.jpg,multimodal_facial_data/raw_facial/fer2013/test/neutral/PublicTest_69266622.jpg
test_neutral_0085,neutral,6,test,True,multimodal_facial_data/processed_facial/fer_2013_test_neutral_0085.jpg,multimodal_facial_data/raw_facial/fer2013/test/neutral/PrivateTest_2387553.jpg
test_neutral_0086,neutral,6,test,True,multimodal_facial_data/processed_facial/fer_2013_test_neutral_0086.jpg,multimodal_facial_data/raw_facial/fer2013/test/neutral/PrivateTest_88731231.jpg
test_neutral_0087,neutral,6,test,True,multimodal_facial_data/processed_facial/fer_2013_test_neutral_0087.jpg,multimodal_facial_data/raw_facial/fer2013/test/neutral/PublicTest_32703921.jpg
test_neutral_0088,neutral,6,test,True,multimodal_facial_data/processed_facial/fer_2013_test_neutral_0088.jpg,multimodal_facial_data/raw_facial/fer2013/test/neutral/PrivateTest_9817382.jpg
test_neutral_0089,neutral,6,test,True,multimodal_facial_data/processed_facial/fer_2013_test_neutral_0089.jpg,multimodal_facial_data/raw_facial/fer2013/test/neutral/PrivateTest_99344090.jpg
test_neutral_0090,neutral,6,test,True,multimodal_facial_data/processed_facial/fer_2013_test_neutral_0090.jpg,multimodal_facial_data/raw_facial/fer2013/test/neutral/PrivateTest_64309037.jpg
test_neutral_0091,neutral,6,test,True,multimodal_facial_data/processed_facial/fer_2013_test_neutral_0091.jpg,multimodal_facial_data/raw_facial/fer2013/test/neutral/PrivateTest_60778375.jpg
test_neutral_0092,neutral,6,test,True,multimodal_facial_data/processed_facial/fer_2013_test_neutral_0092.jpg,multimodal_facial_data/raw_facial/fer2013/test/neutral/PublicTest_52474338.jpg
test_neutral_0093,neutral,6,test,True,multimodal_facial_data/processed_facial/fer_2013_test_neutral_0093.jpg,multimodal_facial_data/raw_facial/fer2013/test/neutral/PublicTest_93645615.jpg
test_neutral_0094,neutral,6,test,True,multimodal_facial_data/processed_facial/fer_2013_test_neutral_0094.jpg,multimodal_facial_data/raw_facial/fer2013/test/neutral/PrivateTest_19987542.jpg
test_neutral_0095,neutral,6,test,True,multimodal_facial_data/processed_facial/fer_2013_test_neutral_0095.jpg,multimodal_facial_data/raw_facial/fer2013/test/neutral/PublicTest_71706318.jpg
test_neutral_0096,neutral,6,test,True,multimodal_facial_data/processed_facial/fer_2013_test_neutral_0096.jpg,multimodal_facial_data/raw_facial/fer2013/test/neutral/PrivateTest_8107769.jpg
test_neutral_0097,neutral,6,test,True,multimodal_facial_data/processed_facial/fer_2013_test_neutral_0097.jpg,multimodal_facial_data/raw_facial/fer2013/test/neutral/PrivateTest_76336684.jpg
test_neutral_0098,neutral,6,test,True,multimodal_facial_data/processed_facial/fer_2013_test_neutral_0098.jpg,multimodal_facial_data/raw_facial/fer2013/test/neutral/PrivateTest_88005682.jpg
test_neutral_0099,neutral,6,test,True,multimodal_facial_data/processed_facial/fer_2013_test_neutral_0099.jpg,multimodal_facial_data/raw_facial/fer2013/test/neutral/PrivateTest_61381637.jpg
test_fear_0000,fear,2,test,True,multimodal_facial_data/processed_facial/fer_2013_test_fear_0000.jpg,multimodal_facial_data/raw_facial/fer2013/test/fear/PrivateTest_1769758.jpg
test_fear_0001,fear,2,test,False,multimodal_facial_data/processed_facial/fer_2013_test_fear_0001.jpg,multimodal_facial_data/raw_facial/fer2013/test/fear/PrivateTest_62337547.jpg
test_fear_0002,fear,2,test,True,multimodal_facial_data/processed_facial/fer_2013_test_fear_0002.jpg,multimodal_facial_data/raw_facial/fer2013/test/fear/PublicTest_80604057.jpg
test_fear_0003,fear,2,test,True,multimodal_facial_data/processed_facial/fer_2013_test_fear_0003.jpg,multimodal_facial_data/raw_facial/fer2013/test/fear/PrivateTest_67080689.jpg
test_fear_0004,fear,2,test,False,multimodal_facial_data/processed_facial/fer_2013_test_fear_0004.jpg,multimodal_facial_data/raw_facial/fer2013/test/fear/PrivateTest_18873656.jpg
test_fear_0005,fear,2,test,True,multimodal_facial_data/processed_facial/fer_2013_test_fear_0005.jpg,multimodal_facial_data/raw_facial/fer2013/test/fear/PrivateTest_95435599.jpg
test_fear_0006,fear,2,test,True,multimodal_facial_data/processed_facial/fer_2013_test_fear_0006.jpg,multimodal_facial_data/raw_facial/fer2013/test/fear/PublicTest_83872938.jpg
test_fear_0007,fear,2,test,True,multimodal_facial_data/processed_facial/fer_2013_test_fear_0007.jpg,multimodal_facial_data/raw_facial/fer2013/test/fear/PublicTest_71733747.jpg
test_fear_0008,fear,2,test,True,multimodal_facial_data/processed_facial/fer_2013_test_fear_0008.jpg,multimodal_facial_data/raw_facial/fer2013/test/fear/PrivateTest_55936523.jpg
test_fear_0009,fear,2,test,False,multimodal_facial_data/processed_facial/fer_2013_test_fear_0009.jpg,multimodal_facial_data/raw_facial/fer2013/test/fear/PublicTest_10640936.jpg
test_fear_0010,fear,2,test,True,multimodal_facial_data/processed_facial/fer_2013_test_fear_0010.jpg,multimodal_facial_data/raw_facial/fer2013/test/fear/PrivateTest_66836766.jpg
test_fear_0011,fear,2,test,True,multimodal_facial_data/processed_facial/fer_2013_test_fear_0011.jpg,multimodal_facial_data/raw_facial/fer2013/test/fear/PublicTest_4506555.jpg
test_fear_0012,fear,2,test,True,multimodal_facial_data/processed_facial/fer_2013_test_fear_0012.jpg,multimodal_facial_data/raw_facial/fer2013/test/fear/PrivateTest_98837518.jpg
test_fear_0013,fear,2,test,True,multimodal_facial_data/processed_facial/fer_2013_test_fear_0013.jpg,multimodal_facial_data/raw_facial/fer2013/test/fear/PrivateTest_49792924.jpg
test_fear_0014,fear,2,test,True,multimodal_facial_data/processed_facial/fer_2013_test_fear_0014.jpg,multimodal_facial_data/raw_facial/fer2013/test/fear/PublicTest_9140888.jpg
test_fear_0015,fear,2,test,True,multimodal_facial_data/processed_facial/fer_2013_test_fear_0015.jpg,multimodal_facial_data/raw_facial/fer2013/test/fear/PublicTest_73792151.jpg
test_fear_0016,fear,2,test,True,multimodal_facial_data/processed_facial/fer_2013_test_fear_0016.jpg,multimodal_facial_data/raw_facial/fer2013/test/fear/PublicTest_80815678.jpg
test_fear_0017,fear,2,test,True,multimodal_facial_data/processed_facial/fer_2013_test_fear_0017.jpg,multimodal_facial_data/raw_facial/fer2013/test/fear/PrivateTest_10254684.jpg
test_fear_0018,fear,2,test,True,multimodal_facial_data/processed_facial/fer_2013_test_fear_0018.jpg,multimodal_facial_data/raw_facial/fer2013/test/fear/PrivateTest_47411413.jpg
test_fear_0019,fear,2,test,True,multimodal_facial_data/processed_facial/fer_2013_test_fear_0019.jpg,multimodal_facial_data/raw_facial/fer2013/test/fear/PublicTest_19991357.jpg
test_fear_0020,fear,2,test,True,multimodal_facial_data/processed_facial/fer_2013_test_fear_0020.jpg,multimodal_facial_data/raw_facial/fer2013/test/fear/PrivateTest_14105736.jpg
test_fear_0021,fear,2,test,True,multimodal_facial_data/processed_facial/fer_2013_test_fear_0021.jpg,multimodal_facial_data/raw_facial/fer2013/test/fear/PublicTest_40089687.jpg
test_fear_0022,fear,2,test,True,multimodal_facial_data/processed_facial/fer_2013_test_fear_0022.jpg,multimodal_facial_data/raw_facial/fer2013/test/fear/PrivateTest_14225810.jpg
test_fear_0023,fear,2,test,True,multimodal_facial_data/processed_facial/fer_2013_test_fear_0023.jpg,multimodal_facial_data/raw_facial/fer2013/test/fear/PrivateTest_7491531.jpg
test_fear_0024,fear,2,test,True,multimodal_facial_data/processed_facial/fer_2013_test_fear_0024.jpg,multimodal_facial_data/raw_facial/fer2013/test/fear/PrivateTest_92675023.jpg
test_fear_0025,fear,2,test,True,multimodal_facial_data/processed_facial/fer_2013_test_fear_0025.jpg,multimodal_facial_data/raw_facial/fer2013/test/fear/PublicTest_72420658.jpg
test_fear_0026,fear,2,test,True,multimodal_facial_data/processed_facial/fer_2013_test_fear_0026.jpg,multimodal_facial_data/raw_facial/fer2013/test/fear/PrivateTest_34559650.jpg
test_fear_0027,fear,2,test,False,multimodal_facial_data/processed_facial/fer_2013_test_fear_0027.jpg,multimodal_facial_data/raw_facial/fer2013/test/fear/PrivateTest_74129495.jpg
test_fear_0028,fear,2,test,True,multimodal_facial_data/processed_facial/fer_2013_test_fear_0028.jpg,multimodal_facial_data/raw_facial/fer2013/test/fear/PublicTest_81985956.jpg
test_fear_0029,fear,2,test,True,multimodal_facial_data/processed_facial/fer_2013_test_fear_0029.jpg,multimodal_facial_data/raw_facial/fer2013/test/fear/PrivateTest_39134609.jpg
test_fear_0030,fear,2,test,True,multimodal_facial_data/processed_facial/fer_2013_test_fear_0030.jpg,multimodal_facial_data/raw_facial/fer2013/test/fear/PublicTest_63159695.jpg
test_fear_0031,fear,2,test,True,multimodal_facial_data/processed_facial/fer_2013_test_fear_0031.jpg,multimodal_facial_data/raw_facial/fer2013/test/fear/PrivateTest_47848930.jpg
test_fear_0032,fear,2,test,True,multimodal_facial_data/processed_facial/fer_2013_test_fear_0032.jpg,multimodal_facial_data/raw_facial/fer2013/test/fear/PublicTest_977248.jpg
test_fear_0033,fear,2,test,True,multimodal_facial_data/processed_facial/fer_2013_test_fear_0033.jpg,multimodal_facial_data/raw_facial/fer2013/test/fear/PublicTest_65784448.jpg
test_fear_0034,fear,2,test,True,multimodal_facial_data/processed_facial/fer_2013_test_fear_0034.jpg,multimodal_facial_data/raw_facial/fer2013/test/fear/PrivateTest_35030861.jpg
test_fear_0035,fear,2,test,True,multimodal_facial_data/processed_facial/fer_2013_test_fear_0035.jpg,multimodal_facial_data/raw_facial/fer2013/test/fear/PrivateTest_86761031.jpg
test_fear_0036,fear,2,test,True,multimodal_facial_data/processed_facial/fer_2013_test_fear_0036.jpg,multimodal_facial_data/raw_facial/fer2013/test/fear/PrivateTest_60804198.jpg
test_fear_0037,fear,2,test,False,multimodal_facial_data/processed_facial/fer_2013_test_fear_0037.jpg,multimodal_facial_data/raw_facial/fer2013/test/fear/PrivateTest_26224087.jpg
test_fear_0038,fear,2,test,True,multimodal_facial_data/processed_facial/fer_2013_test_fear_0038.jpg,multimodal_facial_data/raw_facial/fer2013/test/fear/PublicTest_62019015.jpg
test_fear_0039,fear,2,test,False,multimodal_facial_data/processed_facial/fer_2013_test_fear_0039.jpg,multimodal_facial_data/raw_facial/fer2013/test/fear/PrivateTest_31565397.jpg
test_fear_0040,fear,2,test,True,multimodal_facial_data/processed_facial/fer_2013_test_fear_0040.jpg,multimodal_facial_data/raw_facial/fer2013/test/fear/PrivateTest_25410736.jpg
test_fear_0041,fear,2,test,True,multimodal_facial_data/processed_facial/fer_2013_test_fear_0041.jpg,multimodal_facial_data/raw_facial/fer2013/test/fear/PublicTest_76755224.jpg
test_fear_0042,fear,2,test,False,multimodal_facial_data/processed_facial/fer_2013_test_fear_0042.jpg,multimodal_facial_data/raw_facial/fer2013/test/fear/PublicTest_24866713.jpg
test_fear_0043,fear,2,test,True,multimodal_facial_data/processed_facial/fer_2013_test_fear_0043.jpg,multimodal_facial_data/raw_facial/fer2013/test/fear/PrivateTest_63175914.jpg
test_fear_0044,fear,2,test,False,multimodal_facial_data/processed_facial/fer_2013_test_fear_0044.jpg,multimodal_facial_data/raw_facial/fer2013/test/fear/PublicTest_36087891.jpg
test_fear_0045,fear,2,test,True,multimodal_facial_data/processed_facial/fer_2013_test_fear_0045.jpg,multimodal_facial_data/raw_facial/fer2013/test/fear/PublicTest_74024215.jpg
test_fear_0046,fear,2,test,True,multimodal_facial_data/processed_facial/fer_2013_test_fear_0046.jpg,multimodal_facial_data/raw_facial/fer2013/test/fear/PublicTest_4536412.jpg
test_fear_0047,fear,2,test,True,multimodal_facial_data/processed_facial/fer_2013_test_fear_0047.jpg,multimodal_facial_data/raw_facial/fer2013/test/fear/PublicTest_38753807.jpg
test_fear_0048,fear,2,test,False,multimodal_facial_data/processed_facial/fer_2013_test_fear_0048.jpg,multimodal_facial_data/raw_facial/fer2013/test/fear/PublicTest_24421678.jpg
test_fear_0049,fear,2,test,False,multimodal_facial_data/processed_facial/fer_2013_test_fear_0049.jpg,multimodal_facial_data/raw_facial/fer2013/test/fear/PrivateTest_16358339.jpg
test_fear_0050,fear,2,test,False,multimodal_facial_data/processed_facial/fer_2013_test_fear_0050.jpg,multimodal_facial_data/raw_facial/fer2013/test/fear/PrivateTest_37353875.jpg
test_fear_0051,fear,2,test,True,multimodal_facial_data/processed_facial/fer_2013_test_fear_0051.jpg,multimodal_facial_data/raw_facial/fer2013/test/fear/PrivateTest_16907620.jpg
test_fear_0052,fear,2,test,True,multimodal_facial_data/processed_facial/fer_2013_test_fear_0052.jpg,multimodal_facial_data/raw_facial/fer2013/test/fear/PublicTest_53705746.jpg
test_fear_0053,fear,2,test,True,multimodal_facial_data/processed_facial/fer_2013_test_fear_0053.jpg,multimodal_facial_data/raw_facial/fer2013/test/fear/PublicTest_7853521.jpg
test_fear_0054,fear,2,test,True,multimodal_facial_data/processed_facial/fer_2013_test_fear_0054.jpg,multimodal_facial_data/raw_facial/fer2013/test/fear/PrivateTest_72025118.jpg
test_fear_0055,fear,2,test,True,multimodal_facial_data/processed_facial/fer_2013_test_fear_0055.jpg,multimodal_facial_data/raw_facial/fer2013/test/fear/PrivateTest_19689419.jpg
test_fear_0056,fear,2,test,True,multimodal_facial_data/processed_facial/fer_2013_test_fear_0056.jpg,multimodal_facial_data/raw_facial/fer2013/test/fear/PublicTest_51339548.jpg
test_fear_0057,fear,2,test,True,multimodal_facial_data/processed_facial/fer_2013_test_fear_0057.jpg,multimodal_facial_data/raw_facial/fer2013/test/fear/PublicTest_89131102.jpg
test_fear_0058,fear,2,test,True,multimodal_facial_data/processed_facial/fer_2013_test_fear_0058.jpg,multimodal_facial_data/raw_facial/fer2013/test/fear/PublicTest_6609653.jpg
test_fear_0059,fear,2,test,True,multimodal_facial_data/processed_facial/fer_2013_test_fear_0059.jpg,multimodal_facial_data/raw_facial/fer2013/test/fear/PublicTest_63614172.jpg
test_fear_0060,fear,2,test,True,multimodal_facial_data/processed_facial/fer_2013_test_fear_0060.jpg,multimodal_facial_data/raw_facial/fer2013/test/fear/PublicTest_95604418.jpg
test_fear_0061,fear,2,test,False,multimodal_facial_data/processed_facial/fer_2013_test_fear_0061.jpg,multimodal_facial_data/raw_facial/fer2013/test/fear/PublicTest_49809277.jpg
test_fear_0062,fear,2,test,True,multimodal_facial_data/processed_facial/fer_2013_test_fear_0062.jpg,multimodal_facial_data/raw_facial/fer2013/test/fear/PublicTest_83859907.jpg
test_fear_0063,fear,2,test,True,multimodal_facial_data/processed_facial/fer_2013_test_fear_0063.jpg,multimodal_facial_data/raw_facial/fer2013/test/fear/PublicTest_84473277.jpg
test_fear_0064,fear,2,test,True,multimodal_facial_data/processed_facial/fer_2013_test_fear_0064.jpg,multimodal_facial_data/raw_facial/fer2013/test/fear/PrivateTest_12953885.jpg
test_fear_0065,fear,2,test,True,multimodal_facial_data/processed_facial/fer_2013_test_fear_0065.jpg,multimodal_facial_data/raw_facial/fer2013/test/fear/PrivateTest_14661354.jpg
test_fear_0066,fear,2,test,True,multimodal_facial_data/processed_facial/fer_2013_test_fear_0066.jpg,multimodal_facial_data/raw_facial/fer2013/test/fear/PrivateTest_45231159.jpg
test_fear_0067,fear,2,test,True,multimodal_facial_data/processed_facial/fer_2013_test_fear_0067.jpg,multimodal_facial_data/raw_facial/fer2013/test/fear/PublicTest_26901.jpg
test_fear_0068,fear,2,test,True,multimodal_facial_data/processed_facial/fer_2013_test_fear_0068.jpg,multimodal_facial_data/raw_facial/fer2013/test/fear/PrivateTest_79439917.jpg
test_fear_0069,fear,2,test,False,multimodal_facial_data/processed_facial/fer_2013_test_fear_0069.jpg,multimodal_facial_data/raw_facial/fer2013/test/fear/PrivateTest_43044676.jpg
test_fear_0070,fear,2,test,True,multimodal_facial_data/processed_facial/fer_2013_test_fear_0070.jpg,multimodal_facial_data/raw_facial/fer2013/test/fear/PrivateTest_29930852.jpg
test_fear_0071,fear,2,test,False,multimodal_facial_data/processed_facial/fer_2013_test_fear_0071.jpg,multimodal_facial_data/raw_facial/fer2013/test/fear/PublicTest_11341474.jpg
test_fear_0072,fear,2,test,True,multimodal_facial_data/processed_facial/fer_2013_test_fear_0072.jpg,multimodal_facial_data/raw_facial/fer2013/test/fear/PrivateTest_54447519.jpg
test_fear_0073,fear,2,test,True,multimodal_facial_data/processed_facial/fer_2013_test_fear_0073.jpg,multimodal_facial_data/raw_facial/fer2013/test/fear/PrivateTest_14546605.jpg
test_fear_0074,fear,2,test,True,multimodal_facial_data/processed_facial/fer_2013_test_fear_0074.jpg,multimodal_facial_data/raw_facial/fer2013/test/fear/PublicTest_21139848.jpg
test_fear_0075,fear,2,test,True,multimodal_facial_data/processed_facial/fer_2013_test_fear_0075.jpg,multimodal_facial_data/raw_facial/fer2013/test/fear/PrivateTest_8831137.jpg
test_fear_0076,fear,2,test,True,multimodal_facial_data/processed_facial/fer_2013_test_fear_0076.jpg,multimodal_facial_data/raw_facial/fer2013/test/fear/PublicTest_70171879.jpg
test_fear_0077,fear,2,test,True,multimodal_facial_data/processed_facial/fer_2013_test_fear_0077.jpg,multimodal_facial_data/raw_facial/fer2013/test/fear/PublicTest_77915100.jpg
test_fear_0078,fear,2,test,True,multimodal_facial_data/processed_facial/fer_2013_test_fear_0078.jpg,multimodal_facial_data/raw_facial/fer2013/test/fear/PrivateTest_80786578.jpg
test_fear_0079,fear,2,test,True,multimodal_facial_data/processed_facial/fer_2013_test_fear_0079.jpg,multimodal_facial_data/raw_facial/fer2013/test/fear/PrivateTest_43804431.jpg
test_fear_0080,fear,2,test,True,multimodal_facial_data/processed_facial/fer_2013_test_fear_0080.jpg,multimodal_facial_data/raw_facial/fer2013/test/fear/PublicTest_44233912.jpg
test_fear_0081,fear,2,test,True,multimodal_facial_data/processed_facial/fer_2013_test_fear_0081.jpg,multimodal_facial_data/raw_facial/fer2013/test/fear/PublicTest_14504897.jpg
test_fear_0082,fear,2,test,True,multimodal_facial_data/processed_facial/fer_2013_test_fear_0082.jpg,multimodal_facial_data/raw_facial/fer2013/test/fear/PublicTest_6180816.jpg
test_fear_0083,fear,2,test,True,multimodal_facial_data/processed_facial/fer_2013_test_fear_0083.jpg,multimodal_facial_data/raw_facial/fer2013/test/fear/PrivateTest_8313241.jpg
test_fear_0084,fear,2,test,True,multimodal_facial_data/processed_facial/fer_2013_test_fear_0084.jpg,multimodal_facial_data/raw_facial/fer2013/test/fear/PublicTest_18874214.jpg
test_fear_0085,fear,2,test,True,multimodal_facial_data/processed_facial/fer_2013_test_fear_0085.jpg,multimodal_facial_data/raw_facial/fer2013/test/fear/PublicTest_9506885.jpg
test_fear_0086,fear,2,test,True,multimodal_facial_data/processed_facial/fer_2013_test_fear_0086.jpg,multimodal_facial_data/raw_facial/fer2013/test/fear/PublicTest_71693971.jpg
test_fear_0087,fear,2,test,True,multimodal_facial_data/processed_facial/fer_2013_test_fear_0087.jpg,multimodal_facial_data/raw_facial/fer2013/test/fear/PublicTest_24599099.jpg
test_fear_0088,fear,2,test,True,multimodal_facial_data/processed_facial/fer_2013_test_fear_0088.jpg,multimodal_facial_data/raw_facial/fer2013/test/fear/PrivateTest_43091184.jpg
test_fear_0089,fear,2,test,True,multimodal_facial_data/processed_facial/fer_2013_test_fear_0089.jpg,multimodal_facial_data/raw_facial/fer2013/test/fear/PublicTest_96542087.jpg
test_fear_0090,fear,2,test,True,multimodal_facial_data/processed_facial/fer_2013_test_fear_0090.jpg,multimodal_facial_data/raw_facial/fer2013/test/fear/PublicTest_28144831.jpg
test_fear_0091,fear,2,test,True,multimodal_facial_data/processed_facial/fer_2013_test_fear_0091.jpg,multimodal_facial_data/raw_facial/fer2013/test/fear/PrivateTest_22817278.jpg
test_fear_0092,fear,2,test,False,multimodal_facial_data/processed_facial/fer_2013_test_fear_0092.jpg,multimodal_facial_data/raw_facial/fer2013/test/fear/PublicTest_15288557.jpg
test_fear_0093,fear,2,test,True,multimodal_facial_data/processed_facial/fer_2013_test_fear_0093.jpg,multimodal_facial_data/raw_facial/fer2013/test/fear/PrivateTest_79700150.jpg
test_fear_0094,fear,2,test,True,multimodal_facial_data/processed_facial/fer_2013_test_fear_0094.jpg,multimodal_facial_data/raw_facial/fer2013/test/fear/PublicTest_21540065.jpg
test_fear_0095,fear,2,test,True,multimodal_facial_data/processed_facial/fer_2013_test_fear_0095.jpg,multimodal_facial_data/raw_facial/fer2013/test/fear/PublicTest_47196221.jpg
test_fear_0096,fear,2,test,True,multimodal_facial_data/processed_facial/fer_2013_test_fear_0096.jpg,multimodal_facial_data/raw_facial/fer2013/test/fear/PrivateTest_85484376.jpg
test_fear_0097,fear,2,test,False,multimodal_facial_data/processed_facial/fer_2013_test_fear_0097.jpg,multimodal_facial_data/raw_facial/fer2013/test/fear/PrivateTest_43799748.jpg
test_fear_0098,fear,2,test,True,multimodal_facial_data/processed_facial/fer_2013_test_fear_0098.jpg,multimodal_facial_data/raw_facial/fer2013/test/fear/PrivateTest_14029039.jpg
test_fear_0099,fear,2,test,True,multimodal_facial_data/processed_facial/fer_2013_test_fear_0099.jpg,multimodal_facial_data/raw_facial/fer2013/test/fear/PrivateTest_4212136.jpg
test_sad_0000,sad,4,test,True,multimodal_facial_data/processed_facial/fer_2013_test_sad_0000.jpg,multimodal_facial_data/raw_facial/fer2013/test/sad/PrivateTest_10455506.jpg
test_sad_0001,sad,4,test,True,multimodal_facial_data/processed_facial/fer_2013_test_sad_0001.jpg,multimodal_facial_data/raw_facial/fer2013/test/sad/PublicTest_43011794.jpg
test_sad_0002,sad,4,test,True,multimodal_facial_data/processed_facial/fer_2013_test_sad_0002.jpg,multimodal_facial_data/raw_facial/fer2013/test/sad/PublicTest_99741160.jpg
test_sad_0003,sad,4,test,True,multimodal_facial_data/processed_facial/fer_2013_test_sad_0003.jpg,multimodal_facial_data/raw_facial/fer2013/test/sad/PublicTest_81978061.jpg
test_sad_0004,sad,4,test,True,multimodal_facial_data/processed_facial/fer_2013_test_sad_0004.jpg,multimodal_facial_data/raw_facial/fer2013/test/sad/PrivateTest_66075775.jpg
test_sad_0005,sad,4,test,True,multimodal_facial_data/processed_facial/fer_2013_test_sad_0005.jpg,multimodal_facial_data/raw_facial/fer2013/test/sad/PublicTest_20281055.jpg
test_sad_0006,sad,4,test,True,multimodal_facial_data/processed_facial/fer_2013_test_sad_0006.jpg,multimodal_facial_data/raw_facial/fer2013/test/sad/PrivateTest_89415313.jpg
test_sad_0007,sad,4,test,True,multimodal_facial_data/processed_facial/fer_2013_test_sad_0007.jpg,multimodal_facial_data/raw_facial/fer2013/test/sad/PublicTest_24665748.jpg
test_sad_0008,sad,4,test,True,multimodal_facial_data/processed_facial/fer_2013_test_sad_0008.jpg,multimodal_facial_data/raw_facial/fer2013/test/sad/PrivateTest_75414544.jpg
test_sad_0009,sad,4,test,True,multimodal_facial_data/processed_facial/fer_2013_test_sad_0009.jpg,multimodal_facial_data/raw_facial/fer2013/test/sad/PrivateTest_44387244.jpg
test_sad_0010,sad,4,test,True,multimodal_facial_data/processed_facial/fer_2013_test_sad_0010.jpg,multimodal_facial_data/raw_facial/fer2013/test/sad/PublicTest_36640748.jpg
test_sad_0011,sad,4,test,False,multimodal_facial_data/processed_facial/fer_2013_test_sad_0011.jpg,multimodal_facial_data/raw_facial/fer2013/test/sad/PublicTest_99654006.jpg
test_sad_0012,sad,4,test,True,multimodal_facial_data/processed_facial/fer_2013_test_sad_0012.jpg,multimodal_facial_data/raw_facial/fer2013/test/sad/PrivateTest_43658094.jpg
test_sad_0013,sad,4,test,True,multimodal_facial_data/processed_facial/fer_2013_test_sad_0013.jpg,multimodal_facial_data/raw_facial/fer2013/test/sad/PrivateTest_79381121.jpg
test_sad_0014,sad,4,test,False,multimodal_facial_data/processed_facial/fer_2013_test_sad_0014.jpg,multimodal_facial_data/raw_facial/fer2013/test/sad/PublicTest_96594744.jpg
test_sad_0015,sad,4,test,True,multimodal_facial_data/processed_facial/fer_2013_test_sad_0015.jpg,multimodal_facial_data/raw_facial/fer2013/test/sad/PrivateTest_56986095.jpg
test_sad_0016,sad,4,test,True,multimodal_facial_data/processed_facial/fer_2013_test_sad_0016.jpg,multimodal_facial_data/raw_facial/fer2013/test/sad/PublicTest_61463449.jpg
test_sad_0017,sad,4,test,True,multimodal_facial_data/processed_facial/fer_2013_test_sad_0017.jpg,multimodal_facial_data/raw_facial/fer2013/test/sad/PrivateTest_59691744.jpg
test_sad_0018,sad,4,test,True,multimodal_facial_data/processed_facial/fer_2013_test_sad_0018.jpg,multimodal_facial_data/raw_facial/fer2013/test/sad/PrivateTest_74624070.jpg
test_sad_0019,sad,4,test,True,multimodal_facial_data/processed_facial/fer_2013_test_sad_0019.jpg,multimodal_facial_data/raw_facial/fer2013/test/sad/PublicTest_47790990.jpg
test_sad_0020,sad,4,test,True,multimodal_facial_data/processed_facial/fer_2013_test_sad_0020.jpg,multimodal_facial_data/raw_facial/fer2013/test/sad/PublicTest_42711133.jpg
test_sad_0021,sad,4,test,True,multimodal_facial_data/processed_facial/fer_2013_test_sad_0021.jpg,multimodal_facial_data/raw_facial/fer2013/test/sad/PrivateTest_29723072.jpg
test_sad_0022,sad,4,test,True,multimodal_facial_data/processed_facial/fer_2013_test_sad_0022.jpg,multimodal_facial_data/raw_facial/fer2013/test/sad/PrivateTest_74492732.jpg
test_sad_0023,sad,4,test,True,multimodal_facial_data/processed_facial/fer_2013_test_sad_0023.jpg,multimodal_facial_data/raw_facial/fer2013/test/sad/PrivateTest_42592677.jpg
test_sad_0024,sad,4,test,True,multimodal_facial_data/processed_facial/fer_2013_test_sad_0024.jpg,multimodal_facial_data/raw_facial/fer2013/test/sad/PublicTest_56379288.jpg
test_sad_0025,sad,4,test,True,multimodal_facial_data/processed_facial/fer_2013_test_sad_0025.jpg,multimodal_facial_data/raw_facial/fer2013/test/sad/PrivateTest_7451234.jpg
test_sad_0026,sad,4,test,True,multimodal_facial_data/processed_facial/fer_2013_test_sad_0026.jpg,multimodal_facial_data/raw_facial/fer2013/test/sad/PrivateTest_47129405.jpg
test_sad_0027,sad,4,test,True,multimodal_facial_data/processed_facial/fer_2013_test_sad_0027.jpg,multimodal_facial_data/raw_facial/fer2013/test/sad/PublicTest_18607341.jpg
test_sad_0028,sad,4,test,True,multimodal_facial_data/processed_facial/fer_2013_test_sad_0028.jpg,multimodal_facial_data/raw_facial/fer2013/test/sad/PublicTest_50867484.jpg
test_sad_0029,sad,4,test,True,multimodal_facial_data/processed_facial/fer_2013_test_sad_0029.jpg,multimodal_facial_data/raw_facial/fer2013/test/sad/PrivateTest_34116257.jpg
test_sad_0030,sad,4,test,False,multimodal_facial_data/processed_facial/fer_2013_test_sad_0030.jpg,multimodal_facial_data/raw_facial/fer2013/test/sad/PublicTest_32322308.jpg
test_sad_0031,sad,4,test,True,multimodal_facial_data/processed_facial/fer_2013_test_sad_0031.jpg,multimodal_facial_data/raw_facial/fer2013/test/sad/PrivateTest_98703040.jpg
test_sad_0032,sad,4,test,True,multimodal_facial_data/processed_facial/fer_2013_test_sad_0032.jpg,multimodal_facial_data/raw_facial/fer2013/test/sad/PublicTest_9146787.jpg
test_sad_0033,sad,4,test,True,multimodal_facial_data/processed_facial/fer_2013_test_sad_0033.jpg,multimodal_facial_data/raw_facial/fer2013/test/sad/PublicTest_45496747.jpg
test_sad_0034,sad,4,test,True,multimodal_facial_data/processed_facial/fer_2013_test_sad_0034.jpg,multimodal_facial_data/raw_facial/fer2013/test/sad/PublicTest_26481065.jpg
test_sad_0035,sad,4,test,False,multimodal_facial_data/processed_facial/fer_2013_test_sad_0035.jpg,multimodal_facial_data/raw_facial/fer2013/test/sad/PublicTest_6137385.jpg
test_sad_0036,sad,4,test,True,multimodal_facial_data/processed_facial/fer_2013_test_sad_0036.jpg,multimodal_facial_data/raw_facial/fer2013/test/sad/PrivateTest_89492247.jpg
test_sad_0037,sad,4,test,True,multimodal_facial_data/processed_facial/fer_2013_test_sad_0037.jpg,multimodal_facial_data/raw_facial/fer2013/test/sad/PrivateTest_41997071.jpg
test_sad_0038,sad,4,test,True,multimodal_facial_data/processed_facial/fer_2013_test_sad_0038.jpg,multimodal_facial_data/raw_facial/fer2013/test/sad/PublicTest_2639637.jpg
test_sad_0039,sad,4,test,True,multimodal_facial_data/processed_facial/fer_2013_test_sad_0039.jpg,multimodal_facial_data/raw_facial/fer2013/test/sad/PublicTest_9715467.jpg
test_sad_0040,sad,4,test,True,multimodal_facial_data/processed_facial/fer_2013_test_sad_0040.jpg,multimodal_facial_data/raw_facial/fer2013/test/sad/PublicTest_89705423.jpg
test_sad_0041,sad,4,test,True,multimodal_facial_data/processed_facial/fer_2013_test_sad_0041.jpg,multimodal_facial_data/raw_facial/fer2013/test/sad/PrivateTest_39577079.jpg
test_sad_0042,sad,4,test,True,multimodal_facial_data/processed_facial/fer_2013_test_sad_0042.jpg,multimodal_facial_data/raw_facial/fer2013/test/sad/PrivateTest_30726678.jpg
test_sad_0043,sad,4,test,True,multimodal_facial_data/processed_facial/fer_2013_test_sad_0043.jpg,multimodal_facial_data/raw_facial/fer2013/test/sad/PrivateTest_47616627.jpg
test_sad_0044,sad,4,test,True,multimodal_facial_data/processed_facial/fer_2013_test_sad_0044.jpg,multimodal_facial_data/raw_facial/fer2013/test/sad/PrivateTest_89453132.jpg
test_sad_0045,sad,4,test,True,multimodal_facial_data/processed_facial/fer_2013_test_sad_0045.jpg,multimodal_facial_data/raw_facial/fer2013/test/sad/PrivateTest_34581536.jpg
test_sad_0046,sad,4,test,False,multimodal_facial_data/processed_facial/fer_2013_test_sad_0046.jpg,multimodal_facial_data/raw_facial/fer2013/test/sad/PublicTest_29583734.jpg
test_sad_0047,sad,4,test,True,multimodal_facial_data/processed_facial/fer_2013_test_sad_0047.jpg,multimodal_facial_data/raw_facial/fer2013/test/sad/PrivateTest_64059675.jpg
test_sad_0048,sad,4,test,True,multimodal_facial_data/processed_facial/fer_2013_test_sad_0048.jpg,multimodal_facial_data/raw_facial/fer2013/test/sad/PublicTest_93288973.jpg
test_sad_0049,sad,4,test,True,multimodal_facial_data/processed_facial/fer_2013_test_sad_0049.jpg,multimodal_facial_data/raw_facial/fer2013/test/sad/PublicTest_21175427.jpg
test_sad_0050,sad,4,test,True,multimodal_facial_data/processed_facial/fer_2013_test_sad_0050.jpg,multimodal_facial_data/raw_facial/fer2013/test/sad/PrivateTest_27783539.jpg
test_sad_0051,sad,4,test,True,multimodal_facial_data/processed_facial/fer_2013_test_sad_0051.jpg,multimodal_facial_data/raw_facial/fer2013/test/sad/PrivateTest_64130261.jpg
test_sad_0052,sad,4,test,True,multimodal_facial_data/processed_facial/fer_2013_test_sad_0052.jpg,multimodal_facial_data/raw_facial/fer2013/test/sad/PrivateTest_93844390.jpg
test_sad_0053,sad,4,test,True,multimodal_facial_data/processed_facial/fer_2013_test_sad_0053.jpg,multimodal_facial_data/raw_facial/fer2013/test/sad/PublicTest_60589560.jpg
test_sad_0054,sad,4,test,True,multimodal_facial_data/processed_facial/fer_2013_test_sad_0054.jpg,multimodal_facial_data/raw_facial/fer2013/test/sad/PublicTest_23168745.jpg
test_sad_0055,sad,4,test,True,multimodal_facial_data/processed_facial/fer_2013_test_sad_0055.jpg,multimodal_facial_data/raw_facial/fer2013/test/sad/PrivateTest_72167156.jpg
test_sad_0056,sad,4,test,True,multimodal_facial_data/processed_facial/fer_2013_test_sad_0056.jpg,multimodal_facial_data/raw_facial/fer2013/test/sad/PublicTest_27302872.jpg
test_sad_0057,sad,4,test,True,multimodal_facial_data/processed_facial/fer_2013_test_sad_0057.jpg,multimodal_facial_data/raw_facial/fer2013/test/sad/PublicTest_56889959.jpg
test_sad_0058,sad,4,test,True,multimodal_facial_data/processed_facial/fer_2013_test_sad_0058.jpg,multimodal_facial_data/raw_facial/fer2013/test/sad/PublicTest_62056614.jpg
test_sad_0059,sad,4,test,True,multimodal_facial_data/processed_facial/fer_2013_test_sad_0059.jpg,multimodal_facial_data/raw_facial/fer2013/test/sad/PublicTest_54133282.jpg
test_sad_0060,sad,4,test,True,multimodal_facial_data/processed_facial/fer_2013_test_sad_0060.jpg,multimodal_facial_data/raw_facial/fer2013/test/sad/PublicTest_92653992.jpg
test_sad_0061,sad,4,test,True,multimodal_facial_data/processed_facial/fer_2013_test_sad_0061.jpg,multimodal_facial_data/raw_facial/fer2013/test/sad/PublicTest_31362351.jpg
test_sad_0062,sad,4,test,True,multimodal_facial_data/processed_facial/fer_2013_test_sad_0062.jpg,multimodal_facial_data/raw_facial/fer2013/test/sad/PrivateTest_70820261.jpg
test_sad_0063,sad,4,test,True,multimodal_facial_data/processed_facial/fer_2013_test_sad_0063.jpg,multimodal_facial_data/raw_facial/fer2013/test/sad/PrivateTest_78484006.jpg
test_sad_0064,sad,4,test,True,multimodal_facial_data/processed_facial/fer_2013_test_sad_0064.jpg,multimodal_facial_data/raw_facial/fer2013/test/sad/PublicTest_76178651.jpg
test_sad_0065,sad,4,test,True,multimodal_facial_data/processed_facial/fer_2013_test_sad_0065.jpg,multimodal_facial_data/raw_facial/fer2013/test/sad/PrivateTest_86106478.jpg
test_sad_0066,sad,4,test,False,multimodal_facial_data/processed_facial/fer_2013_test_sad_0066.jpg,multimodal_facial_data/raw_facial/fer2013/test/sad/PublicTest_70551961.jpg
test_sad_0067,sad,4,test,True,multimodal_facial_data/processed_facial/fer_2013_test_sad_0067.jpg,multimodal_facial_data/raw_facial/fer2013/test/sad/PublicTest_75765828.jpg
test_sad_0068,sad,4,test,False,multimodal_facial_data/processed_facial/fer_2013_test_sad_0068.jpg,multimodal_facial_data/raw_facial/fer2013/test/sad/PublicTest_87833009.jpg
test_sad_0069,sad,4,test,False,multimodal_facial_data/processed_facial/fer_2013_test_sad_0069.jpg,multimodal_facial_data/raw_facial/fer2013/test/sad/PublicTest_22093964.jpg
test_sad_0070,sad,4,test,True,multimodal_facial_data/processed_facial/fer_2013_test_sad_0070.jpg,multimodal_facial_data/raw_facial/fer2013/test/sad/PrivateTest_94383266.jpg
test_sad_0071,sad,4,test,True,multimodal_facial_data/processed_facial/fer_2013_test_sad_0071.jpg,multimodal_facial_data/raw_facial/fer2013/test/sad/PrivateTest_36935160.jpg
test_sad_0072,sad,4,test,True,multimodal_facial_data/processed_facial/fer_2013_test_sad_0072.jpg,multimodal_facial_data/raw_facial/fer2013/test/sad/PublicTest_29714936.jpg
test_sad_0073,sad,4,test,True,multimodal_facial_data/processed_facial/fer_2013_test_sad_0073.jpg,multimodal_facial_data/raw_facial/fer2013/test/sad/PublicTest_21178862.jpg
test_sad_0074,sad,4,test,True,multimodal_facial_data/processed_facial/fer_2013_test_sad_0074.jpg,multimodal_facial_data/raw_facial/fer2013/test/sad/PublicTest_87237892.jpg
test_sad_0075,sad,4,test,True,multimodal_facial_data/processed_facial/fer_2013_test_sad_0075.jpg,multimodal_facial_data/raw_facial/fer2013/test/sad/PublicTest_81975497.jpg
test_sad_0076,sad,4,test,True,multimodal_facial_data/processed_facial/fer_2013_test_sad_0076.jpg,multimodal_facial_data/raw_facial/fer2013/test/sad/PublicTest_24936833.jpg
test_sad_0077,sad,4,test,True,multimodal_facial_data/processed_facial/fer_2013_test_sad_0077.jpg,multimodal_facial_data/raw_facial/fer2013/test/sad/PublicTest_15987805.jpg
test_sad_0078,sad,4,test,True,multimodal_facial_data/processed_facial/fer_2013_test_sad_0078.jpg,multimodal_facial_data/raw_facial/fer2013/test/sad/PrivateTest_23077730.jpg
test_sad_0079,sad,4,test,True,multimodal_facial_data/processed_facial/fer_2013_test_sad_0079.jpg,multimodal_facial_data/raw_facial/fer2013/test/sad/PublicTest_28848037.jpg
test_sad_0080,sad,4,test,False,multimodal_facial_data/processed_facial/fer_2013_test_sad_0080.jpg,multimodal_facial_data/raw_facial/fer2013/test/sad/PublicTest_33237183.jpg
test_sad_0081,sad,4,test,True,multimodal_facial_data/processed_facial/fer_2013_test_sad_0081.jpg,multimodal_facial_data/raw_facial/fer2013/test/sad/PublicTest_83670653.jpg
test_sad_0082,sad,4,test,True,multimodal_facial_data/processed_facial/fer_2013_test_sad_0082.jpg,multimodal_facial_data/raw_facial/fer2013/test/sad/PublicTest_40834308.jpg
test_sad_0083,sad,4,test,True,multimodal_facial_data/processed_facial/fer_2013_test_sad_0083.jpg,multimodal_facial_data/raw_facial/fer2013/test/sad/PublicTest_23252039.jpg
test_sad_0084,sad,4,test,True,multimodal_facial_data/processed_facial/fer_2013_test_sad_0084.jpg,multimodal_facial_data/raw_facial/fer2013/test/sad/PublicTest_40599442.jpg
test_sad_0085,sad,4,test,False,multimodal_facial_data/processed_facial/fer_2013_test_sad_0085.jpg,multimodal_facial_data/raw_facial/fer2013/test/sad/PublicTest_29822400.jpg
test_sad_0086,sad,4,test,False,multimodal_facial_data/processed_facial/fer_2013_test_sad_0086.jpg,multimodal_facial_data/raw_facial/fer2013/test/sad/PublicTest_39817717.jpg
test_sad_0087,sad,4,test,False,multimodal_facial_data/processed_facial/fer_2013_test_sad_0087.jpg,multimodal_facial_data/raw_facial/fer2013/test/sad/PublicTest_97293623.jpg
test_sad_0088,sad,4,test,False,multimodal_facial_data/processed_facial/fer_2013_test_sad_0088.jpg,multimodal_facial_data/raw_facial/fer2013/test/sad/PrivateTest_95590815.jpg
test_sad_0089,sad,4,test,True,multimodal_facial_data/processed_facial/fer_2013_test_sad_0089.jpg,multimodal_facial_data/raw_facial/fer2013/test/sad/PrivateTest_87742427.jpg
test_sad_0090,sad,4,test,False,multimodal_facial_data/processed_facial/fer_2013_test_sad_0090.jpg,multimodal_facial_data/raw_facial/fer2013/test/sad/PublicTest_79151739.jpg
test_sad_0091,sad,4,test,True,multimodal_facial_data/processed_facial/fer_2013_test_sad_0091.jpg,multimodal_facial_data/raw_facial/fer2013/test/sad/PublicTest_23038302.jpg
test_sad_0092,sad,4,test,True,multimodal_facial_data/processed_facial/fer_2013_test_sad_0092.jpg,multimodal_facial_data/raw_facial/fer2013/test/sad/PublicTest_55396594.jpg
test_sad_0093,sad,4,test,True,multimodal_facial_data/processed_facial/fer_2013_test_sad_0093.jpg,multimodal_facial_data/raw_facial/fer2013/test/sad/PrivateTest_83928895.jpg
test_sad_0094,sad,4,test,True,multimodal_facial_data/processed_facial/fer_2013_test_sad_0094.jpg,multimodal_facial_data/raw_facial/fer2013/test/sad/PrivateTest_22714167.jpg
test_sad_0095,sad,4,test,True,multimodal_facial_data/processed_facial/fer_2013_test_sad_0095.jpg,multimodal_facial_data/raw_facial/fer2013/test/sad/PrivateTest_55454962.jpg
test_sad_0096,sad,4,test,True,multimodal_facial_data/processed_facial/fer_2013_test_sad_0096.jpg,multimodal_facial_data/raw_facial/fer2013/test/sad/PublicTest_59813906.jpg
test_sad_0097,sad,4,test,True,multimodal_facial_data/processed_facial/fer_2013_test_sad_0097.jpg,multimodal_facial_data/raw_facial/fer2013/test/sad/PublicTest_24625025.jpg
test_sad_0098,sad,4,test,True,multimodal_facial_data/processed_facial/fer_2013_test_sad_0098.jpg,multimodal_facial_data/raw_facial/fer2013/test/sad/PublicTest_9847816.jpg
test_sad_0099,sad,4,test,True,multimodal_facial_data/processed_facial/fer_2013_test_sad_0099.jpg,multimodal_facial_data/raw_facial/fer2013/test/sad/PublicTest_36924389.jpg
